# _tick,_time,frames,total_episodes,episode_wins,interactions,visited_states,mean_episode_length,mean_episode_return,episode_return_std,total_loss,pg_loss,baseline_loss,entropy_loss,state_counts,change_counts,state_counts_std,change_counts_std
0,1715464976.3845415,0,8.0,0.03125,1.03125,0,283.625,0.02617187425494194,0.0740252360701561,-1.629042625427246,-1.539008617401123,0.007252995390444994,-0.09728702902793884,1.0,1.0,0.0,0.0
1,1715465000.5452678,3200,9.0,0.03125,0.6875,0,277.0,0.04548611119389534,0.13645833730697632,42.78852844238281,41.04182434082031,1.8439486026763916,-0.09724603593349457,1.0,1.0,0.0,0.0
2,1715465025.9136426,6400,15.0,0.0,1.34375,0,288.0,0.0,0.0,-1.934396743774414,-1.8451018333435059,0.007994935847818851,-0.0972898006439209,1.0,1.0,0.0,0.0
3,1715465051.9476376,9600,8.0,0.0,1.78125,0,288.0,0.0,0.0,1.0481876134872437,1.1441771984100342,0.0013019477482885122,-0.09729161858558655,1.0,1.0,0.0,0.0
4,1715465081.783567,12800,10.0,0.0,0.65625,0,288.0,0.0,0.0,-0.5293806195259094,-0.4325392246246338,0.0004504817188717425,-0.09729187190532684,1.0,1.0,0.0,0.0
5,1715465111.230565,16000,14.0,0.0,0.78125,0,288.0,0.0,0.0,-0.01906154304742813,0.0780402347445488,0.00019010936375707388,-0.09729188680648804,1.0,1.0,0.0,0.0
6,1715465138.243815,19200,9.0,0.0,0.90625,0,288.0,0.0,0.0,-0.029118560254573822,0.06800390034914017,0.00016956732724793255,-0.09729202836751938,1.0,1.0,0.0,0.0
7,1715465162.9019654,22400,15.0,0.0,1.28125,0,288.0,0.0,0.0,-0.11323237419128418,-0.016066018491983414,0.00012572309060487896,-0.09729208052158356,1.0,1.0,0.0,0.0
8,1715465191.7605252,25600,9.0,0.03125,1.25,0,269.6666564941406,0.06840278208255768,0.20520833134651184,2.245798110961914,2.2178049087524414,0.12528543174266815,-0.09729216247797012,1.0,1.0,0.0,0.0
9,1715465219.7737513,28800,11.0,0.03125,1.3125,0,285.727294921875,0.01619318127632141,0.05370670557022095,-2.3475492000579834,-2.2623376846313477,0.01207894366234541,-0.09729041159152985,1.0,1.0,0.0,0.0
10,1715465247.1594784,32000,11.0,0.0,0.9375,0,288.0,0.0,0.0,0.09972837567329407,0.1966802179813385,0.0003361016570124775,-0.09728793799877167,1.0,1.0,0.0,0.0
11,1715465272.8325036,35200,12.0,0.0,0.875,0,288.0,0.0,0.0,-0.11282071471214294,-0.015701541677117348,0.00016901327762752771,-0.09728818386793137,1.0,1.0,0.0,0.0
12,1715465302.6043732,38400,12.0,0.03125,0.84375,0,283.41668701171875,0.02265625074505806,0.07848355174064636,0.24988144636154175,0.334328830242157,0.01284085027873516,-0.09728822857141495,1.0,1.0,0.0,0.0
13,1715465332.8729563,41600,10.0,0.0,1.25,0,288.0,0.0,0.0,-0.4215923547744751,-0.324504017829895,0.00019991972658317536,-0.09728825837373734,1.0,1.0,0.0,0.0
14,1715465361.947833,44800,12.0,0.0,0.9375,0,288.0,0.0,0.0,-0.1554885059595108,-0.05832884460687637,0.00012835291272494942,-0.09728801250457764,1.0,1.0,0.0,0.0
15,1715465388.218857,48000,10.0,0.0,1.59375,0,288.0,0.0,0.0,-0.10943689942359924,-0.01224654633551836,9.773716010386124e-05,-0.0972880870103836,1.0,1.0,0.0,0.0
16,1715465418.0802238,51200,10.0,0.0,0.84375,0,288.0,0.0,0.0,-0.10566700249910355,-0.008490540087223053,0.0001116426574299112,-0.0972881019115448,1.0,1.0,0.0,0.0
17,1715465445.805675,54400,13.0,0.0,1.0625,0,288.0,0.0,0.0,-0.029937952756881714,0.06719512492418289,0.00015511299716308713,-0.09728819131851196,1.0,1.0,0.0,0.0
18,1715465472.600375,57600,12.0,0.03125,1.8125,0,266.0833435058594,0.0768229216337204,0.26612240076065063,2.7528076171875,2.608776569366455,0.24131909012794495,-0.09728813171386719,1.0,1.0,0.0,0.0
19,1715465497.16275,60800,11.0,0.0,1.09375,0,288.0,0.0,0.0,-2.9872922897338867,-2.8975131511688232,0.007512262091040611,-0.0972914919257164,1.0,1.0,0.0,0.0
20,1715465525.6940284,64000,10.0,0.0,1.125,0,288.0,0.0,0.0,0.30594393610954285,0.40255066752433777,0.000685508013702929,-0.09729225188493729,1.0,1.0,0.0,0.0
21,1715465554.3617308,67200,11.0,0.0,1.03125,0,288.0,0.0,0.0,-0.23067346215248108,-0.13365119695663452,0.0002703081117942929,-0.09729257971048355,1.0,1.0,0.0,0.0
22,1715465582.777221,70400,12.0,0.0,1.4375,0,288.0,0.0,0.0,-0.16551676392555237,-0.0684661865234375,0.00024216962628997862,-0.09729274362325668,1.0,1.0,0.0,0.0
23,1715465607.735631,73600,11.0,0.0,0.90625,0,288.0,0.0,0.0,-0.030737154185771942,0.06637091934680939,0.0001846938394010067,-0.09729276597499847,1.0,1.0,0.0,0.0
24,1715465634.5061862,76800,11.0,0.0,1.75,0,288.0,0.0,0.0,-0.12698352336883545,-0.02982327900826931,0.0001324145559919998,-0.09729265421628952,1.0,1.0,0.0,0.0
25,1715465662.5085251,80000,11.0,0.0,1.03125,0,288.0,0.0,0.0,-0.14052963256835938,-0.043353576213121414,0.00011644826008705422,-0.09729251265525818,1.0,1.0,0.0,0.0
26,1715465691.7707374,83200,12.0,0.09375,0.78125,0,265.16668701171875,0.0963541716337204,0.19864970445632935,1.5042798519134521,1.5182104110717773,0.08336187899112701,-0.0972924530506134,1.0,1.0,0.0,0.0
27,1715465718.288685,86400,12.0,0.0,0.90625,0,288.0,0.0,0.0,-1.3019624948501587,-1.206010103225708,0.0013382481411099434,-0.09729062765836716,1.0,1.0,0.0,0.0
28,1715465746.296672,89600,12.0,0.03125,1.0,0,266.91668701171875,0.07421875,0.25710129737854004,3.44584584236145,3.2752671241760254,0.26786893606185913,-0.09729037433862686,1.0,1.0,0.0,0.0
29,1715465774.7941058,92800,10.0,0.0,1.25,0,288.0,0.0,0.0,-3.1003482341766357,-3.0109777450561523,0.007916809059679508,-0.09728748351335526,1.0,1.0,0.0,0.0
30,1715465801.6552055,96000,12.0,0.0,1.0,0,288.0,0.0,0.0,-0.2543048560619354,-0.15738031268119812,0.0003621835494413972,-0.09728673845529556,1.0,1.0,0.0,0.0
31,1715465825.4800804,99200,11.0,0.03125,1.28125,0,279.6363830566406,0.035227272659540176,0.11683564633131027,1.0756031274795532,1.128759503364563,0.04413009434938431,-0.09728650003671646,1.0,1.0,0.0,0.0
32,1715465853.468629,102400,11.0,0.0,0.9375,0,288.0,0.0,0.0,-0.9316248893737793,-0.8351191282272339,0.0007772716344334185,-0.0972830280661583,1.0,1.0,0.0,0.0
33,1715465881.706648,105600,12.0,0.0,1.4375,0,288.0,0.0,0.0,-0.3281811475753784,-0.23114489018917084,0.0002475868968758732,-0.09728383272886276,1.0,1.0,0.0,0.0
34,1715465910.8718476,108800,9.0,0.03125,0.65625,0,287.8888854980469,0.01145833358168602,0.03437499701976776,-0.08075559884309769,0.014211930334568024,0.0023159258998930454,-0.09728345274925232,1.0,1.0,0.0,0.0
35,1715465938.0991652,112000,13.0,0.0,1.21875,0,288.0,0.0,0.0,-0.17014458775520325,-0.07301690429449081,0.00015389354666695,-0.0972815752029419,1.0,1.0,0.0,0.0
36,1715465966.294014,115200,12.0,0.03125,1.875,0,277.41668701171875,0.04140625149011612,0.14343544840812683,1.7320547103881836,1.747072696685791,0.08226405829191208,-0.09728201478719711,1.0,1.0,0.0,0.0
37,1715465995.4086952,118400,10.0,0.0,0.9375,0,288.0,0.0,0.0,-1.7623635530471802,-1.6674716472625732,0.002394787035882473,-0.09728673100471497,1.0,1.0,0.0,0.0
38,1715466021.738246,121600,13.0,0.03125,1.0625,0,272.76922607421875,0.055288463830947876,0.19934538006782532,1.081573724746704,1.080587387084961,0.0982731506228447,-0.09728686511516571,1.0,1.0,0.0,0.0
39,1715466046.1122363,124800,10.0,0.0,0.875,0,288.0,0.0,0.0,-1.2869329452514648,-1.1909797191619873,0.0013283840380609035,-0.09728161990642548,1.0,1.0,0.0,0.0
40,1715466073.7348926,128000,10.0,0.03125,0.875,0,273.20001220703125,0.05625000223517418,0.17787812650203705,1.2034022808074951,1.2183793783187866,0.08230431377887726,-0.09728140383958817,1.0,1.0,0.0,0.0
41,1715466102.1434314,131200,14.0,0.0,0.8125,0,288.0,0.0,0.0,-1.1783814430236816,-1.0821988582611084,0.0010980382794514298,-0.09728065878152847,1.0,1.0,0.0,0.0
42,1715466130.4363894,134400,10.0,0.0625,1.40625,0,259.6000061035156,0.10875000059604645,0.25199636816978455,3.829448938369751,3.7010855674743652,0.22564348578453064,-0.09727995842695236,1.0,1.0,0.0,0.0
43,1715466155.7352705,137600,14.0,0.0,1.34375,0,288.0,0.0,0.0,-3.1685516834259033,-3.079967975616455,0.008678053505718708,-0.0972617045044899,1.0,1.0,0.0,0.0
44,1715466183.3613596,140800,10.0,0.0625,1.3125,0,260.5,0.10593750327825546,0.2415698915719986,3.2874178886413574,3.1871769428253174,0.19750583171844482,-0.09726469963788986,1.0,1.0,0.0,0.0
45,1715466211.7762947,144000,10.0,0.03125,1.15625,0,279.3000183105469,0.037187498062849045,0.11759719997644424,-2.6198675632476807,-2.540457248687744,0.017842164263129234,-0.0972522720694542,1.0,1.0,0.0,0.0
46,1715466237.9441457,147200,13.0,0.0,0.8125,0,288.0,0.0,0.0,-0.8280692100524902,-0.731475830078125,0.0006596669554710388,-0.09725305438041687,1.0,1.0,0.0,0.0
47,1715466263.6439266,150400,10.0,0.0,1.625,0,288.0,0.0,0.0,-0.42786985635757446,-0.3309420943260193,0.00032357260352000594,-0.09725131839513779,1.0,1.0,0.0,0.0
48,1715466292.1254048,153600,13.0,0.0,2.09375,0,288.0,0.0,0.0,-0.16185301542282104,-0.06482063233852386,0.00022012813133187592,-0.0972525104880333,1.0,1.0,0.0,0.0
49,1715466319.459998,156800,10.0,0.0,0.65625,0,288.0,0.0,0.0,-0.24093180894851685,-0.1438595950603485,0.00018166691006626934,-0.09725386649370193,1.0,1.0,0.0,0.0
50,1715466347.8944228,160000,10.0,0.0,1.15625,0,288.0,0.0,0.0,-0.1451207399368286,-0.04801997169852257,0.00015223631635308266,-0.09725300967693329,1.0,1.0,0.0,0.0
51,1715466372.8295696,163200,12.0,0.0,0.78125,0,288.0,0.0,0.0,-0.038543764501810074,0.058576516807079315,0.0001322730677202344,-0.09725255519151688,1.0,1.0,0.0,0.0
52,1715466401.966822,166400,11.0,0.0,0.96875,0,288.0,0.0,0.0,-0.15981191396713257,-0.06266570091247559,0.0001062636001734063,-0.09725246578454971,1.0,1.0,0.0,0.0
53,1715466429.9310796,169600,11.0,0.0,0.875,0,288.0,0.0,0.0,-0.11548803746700287,-0.01835012435913086,0.00011540680134203285,-0.09725332260131836,1.0,1.0,0.0,0.0
54,1715466454.7261407,172800,12.0,0.0,1.09375,0,288.0,0.0,0.0,-0.057947658002376556,0.03916069492697716,0.00014528162137139589,-0.09725363552570343,1.0,1.0,0.0,0.0
55,1715466479.557626,176000,11.0,0.03125,1.0,0,276.727294921875,0.04431818425655365,0.14698678255081177,0.9975999593734741,1.036081075668335,0.058771777898073196,-0.09725284576416016,1.0,1.0,0.0,0.0
56,1715466507.2776692,179200,10.0,0.0,1.28125,0,288.0,0.0,0.0,-0.955171525478363,-0.8586199879646301,0.0006982804625295103,-0.09724979102611542,1.0,1.0,0.0,0.0
57,1715466535.9899807,182400,13.0,0.0,1.125,0,288.0,0.0,0.0,-0.26965251564979553,-0.17258772253990173,0.00018765515414997935,-0.09725243598222733,1.0,1.0,0.0,0.0
58,1715466563.8956182,185600,9.0,0.03125,1.03125,0,278.0,0.04236111044883728,0.12708333134651184,0.819288969039917,0.8806802034378052,0.03586115688085556,-0.09725233912467957,1.0,1.0,0.0,0.0
59,1715466589.8216283,188800,14.0,0.09375,1.625,0,273.3571472167969,0.06718750298023224,0.13397330045700073,1.0114192962646484,1.051656723022461,0.057019904255867004,-0.09725736081600189,1.0,1.0,0.0,0.0
60,1715466616.6550512,192000,10.0,0.0,1.5625,0,288.0,0.0,0.0,-1.6459068059921265,-1.5508511066436768,0.00219442555680871,-0.09725009649991989,1.0,1.0,0.0,0.0
61,1715466643.8204746,195200,12.0,0.03125,1.25,0,275.8333435058594,0.04635416716337204,0.16057553887367249,0.9433854222297668,0.9673082828521729,0.07332974672317505,-0.09725257009267807,1.0,1.0,0.0,0.0
62,1715466667.4314098,198400,12.0,0.0,1.34375,0,288.0,0.0,0.0,-1.1871998310089111,-1.0911179780960083,0.0011589634232223034,-0.09724076092243195,1.0,1.0,0.0,0.0
63,1715466691.8050416,201600,9.0,0.0,1.625,0,288.0,0.0,0.0,-0.36742112040519714,-0.2703487277030945,0.00016963781672529876,-0.09724203497171402,1.0,1.0,0.0,0.0
64,1715466719.6625028,204800,14.0,0.0,1.3125,0,288.0,0.0,0.0,-0.19257645308971405,-0.09544463455677032,0.00011156687105540186,-0.09724338352680206,1.0,1.0,0.0,0.0
65,1715466745.8647938,208000,10.0,0.03125,1.5,0,266.6000061035156,0.0768750011920929,0.243100106716156,0.5599551796913147,0.597166895866394,0.0600309744477272,-0.09724269807338715,1.0,1.0,0.0,0.0
66,1715466771.6348379,211200,12.0,0.03125,1.34375,0,266.75,0.07473959028720856,0.2589055299758911,2.48603892326355,2.3490724563598633,0.23421050608158112,-0.09724411368370056,1.0,1.0,0.0,0.0
67,1715466796.1825938,214400,14.0,0.0625,0.625,0,257.71429443359375,0.10892858356237411,0.281863272190094,-1.4049516916275024,-1.3651297092437744,0.05740818381309509,-0.09723019599914551,1.0,1.0,0.0,0.0
68,1715466824.21252,217600,9.0,0.0,1.3125,0,288.0,0.0,0.0,-1.077070951461792,-0.9808435440063477,0.0009995241416618228,-0.09722688049077988,1.0,1.0,0.0,0.0
69,1715466851.6260514,220800,12.0,0.03125,1.375,0,269.66668701171875,0.06562500447034836,0.22733168303966522,2.789491653442383,2.684875011444092,0.20184308290481567,-0.09722647815942764,1.0,1.0,0.0,0.0
70,1715466876.9825366,224000,12.0,0.0,1.34375,0,288.0,0.0,0.0,-2.223639965057373,-2.1303844451904297,0.003962913993746042,-0.0972185730934143,1.0,1.0,0.0,0.0
71,1715466900.546323,227200,10.0,0.0,1.0,0,288.0,0.0,0.0,-0.5474005341529846,-0.45058342814445496,0.00041107204742729664,-0.09722818434238434,1.0,1.0,0.0,0.0
72,1715466927.9974365,230400,13.0,0.0,0.59375,0,288.0,0.0,0.0,-0.20278263092041016,-0.10583961009979248,0.00028520048363134265,-0.09722821414470673,1.0,1.0,0.0,0.0
73,1715466954.9333282,233600,10.0,0.0,0.8125,0,288.0,0.0,0.0,-0.1360102742910385,-0.03902757912874222,0.00024462793953716755,-0.0972273200750351,1.0,1.0,0.0,0.0
74,1715466981.9632804,236800,13.0,0.03125,1.125,0,271.8461608886719,0.058173082768917084,0.20974601805210114,1.7171984910964966,1.6874150037765503,0.1270112693309784,-0.09722781926393509,1.0,1.0,0.0,0.0
75,1715467006.1555295,240000,10.0,0.0,0.875,0,288.0,0.0,0.0,-1.2574260234832764,-1.1614716053009033,0.0012646366376429796,-0.09721913933753967,1.0,1.0,0.0,0.0
76,1715467033.9179254,243200,12.0,0.0,0.96875,0,288.0,0.0,0.0,-0.44839340448379517,-0.3515864610671997,0.00041298248106613755,-0.09721992164850235,1.0,1.0,0.0,0.0
77,1715467060.9426992,246400,11.0,0.0,0.78125,0,288.0,0.0,0.0,-0.08447106182575226,0.012468061409890652,0.0002801626396831125,-0.09721928834915161,1.0,1.0,0.0,0.0
78,1715467086.116669,249600,12.0,0.0,0.625,0,288.0,0.0,0.0,-0.15329518914222717,-0.05631297826766968,0.00023911889002192765,-0.09722132235765457,1.0,1.0,0.0,0.0
79,1715467109.102941,252800,10.0,0.0,0.65625,0,288.0,0.0,0.0,-0.19929543137550354,-0.10228059440851212,0.000204447191208601,-0.09721928089857101,1.0,1.0,0.0,0.0
80,1715467135.9252539,256000,11.0,0.03125,1.125,0,277.0,0.04346591234207153,0.14416012167930603,0.9537239670753479,1.0003305673599243,0.05061314254999161,-0.09721974283456802,1.0,1.0,0.0,0.0
81,1715467163.1055508,259200,12.0,0.0625,1.78125,0,272.5833435058594,0.06484375894069672,0.16972114145755768,1.9109028577804565,1.8946952819824219,0.11341701447963715,-0.09720935672521591,1.0,1.0,0.0,0.0
82,1715467189.9080446,262400,11.0,0.0,0.90625,0,288.0,0.0,0.0,-2.2777819633483887,-2.1848251819610596,0.004254509694874287,-0.09721139818429947,1.0,1.0,0.0,0.0
83,1715467213.6874986,265600,13.0,0.03125,0.84375,0,275.76922607421875,0.045913465321063995,0.1655433475971222,1.1817506551742554,1.1835966110229492,0.09537075459957123,-0.09721671044826508,1.0,1.0,0.0,0.0
84,1715467239.481626,268800,9.0,0.0,1.125,0,288.0,0.0,0.0,-1.489184021949768,-1.3937095403671265,0.001725096721202135,-0.09719958901405334,1.0,1.0,0.0,0.0
85,1715467267.3064744,272000,11.0,0.0,1.28125,0,288.0,0.0,0.0,-0.4235876202583313,-0.32667791843414307,0.0002909864124376327,-0.09720069169998169,1.0,1.0,0.0,0.0
86,1715467293.3275418,275200,15.0,0.0625,1.0625,0,252.2666778564453,0.125,0.33008554577827454,3.551575183868408,3.2994961738586426,0.34928226470947266,-0.09720315784215927,1.0,1.0,0.0,0.0
87,1715467316.4507945,278400,11.0,0.03125,0.9375,0,264.0909118652344,0.08380682021379471,0.2779557704925537,0.9658035039901733,0.8124685287475586,0.2505442500114441,-0.09720930457115173,1.0,1.0,0.0,0.0
88,1715467344.448718,281600,13.0,0.03125,1.3125,0,280.923095703125,0.029807692393660545,0.10747315734624863,-1.7432299852371216,-1.6877588033676147,0.041722074151039124,-0.09719321131706238,1.0,1.0,0.0,0.0
89,1715467372.0607882,284800,9.0,0.0,1.125,0,288.0,0.0,0.0,-1.6055582761764526,-1.5106875896453857,0.002335206139832735,-0.09720592945814133,1.0,1.0,0.0,0.0
90,1715467399.2236207,288000,10.0,0.0,0.8125,0,288.0,0.0,0.0,-0.5669543147087097,-0.47018224000930786,0.0004379051097203046,-0.09720999747514725,1.0,1.0,0.0,0.0
91,1715467423.8347797,291200,16.0,0.0625,1.4375,0,267.625,0.076171875,0.20884376764297485,2.698007583618164,2.620103359222412,0.17511433362960815,-0.09721014648675919,1.0,1.0,0.0,0.0
92,1715467450.4819167,294400,9.0,0.0,1.375,0,288.0,0.0,0.0,-2.2296206951141357,-2.1366262435913086,0.004183123353868723,-0.09717756509780884,1.0,1.0,0.0,0.0
93,1715467478.0644495,297600,13.0,0.0,1.5,0,288.0,0.0,0.0,-0.602168083190918,-0.5055592656135559,0.0005832925671711564,-0.09719207882881165,1.0,1.0,0.0,0.0
94,1715467503.0382786,300800,10.0,0.0,0.90625,0,288.0,0.0,0.0,-0.45354628562927246,-0.3566824495792389,0.0003279683005530387,-0.09719182550907135,1.0,1.0,0.0,0.0
95,1715467527.4041712,304000,9.0,0.0,0.9375,0,288.0,0.0,0.0,0.002601936459541321,0.09944361448287964,0.0003461837477516383,-0.09718786180019379,1.0,1.0,0.0,0.0
96,1715467554.5904565,307200,14.0,0.0,1.09375,0,288.0,0.0,0.0,-0.13037367165088654,-0.03338710963726044,0.00020312656124588102,-0.09718968719244003,1.0,1.0,0.0,0.0
97,1715467580.804517,310400,9.0,0.0,1.40625,0,288.0,0.0,0.0,-0.14002563059329987,-0.04302305355668068,0.00018703962268773466,-0.09718962013721466,1.0,1.0,0.0,0.0
98,1715467607.1571255,313600,11.0,0.0,0.625,0,288.0,0.0,0.0,-0.050995033234357834,0.04598759859800339,0.00020837537886109203,-0.09719100594520569,1.0,1.0,0.0,0.0
99,1715467631.168842,316800,13.0,0.03125,1.65625,0,279.4615478515625,0.03437500074505806,0.12394082546234131,1.2308932542800903,1.269060492515564,0.05902741476893425,-0.09719472378492355,1.0,1.0,0.0,0.0
100,1715467658.4357197,320000,9.0,0.0,1.5625,0,288.0,0.0,0.0,-1.0142264366149902,-0.9180169701576233,0.0009757650550454855,-0.09718523919582367,1.0,1.0,0.0,0.0
101,1715467684.7301624,323200,14.0,0.0,1.75,0,288.0,0.0,0.0,-0.3339211046695709,-0.2369343787431717,0.00020008409046567976,-0.09718679636716843,1.0,1.0,0.0,0.0
102,1715467709.3668582,326400,9.0,0.0,1.46875,0,288.0,0.0,0.0,-0.30993103981018066,-0.212998628616333,0.00025264796568080783,-0.09718506038188934,1.0,1.0,0.0,0.0
103,1715467733.5998373,329600,10.0,0.0,0.8125,0,288.0,0.0,0.0,-0.12879587709903717,-0.03177294880151749,0.00016544996469747275,-0.09718837589025497,1.0,1.0,0.0,0.0
104,1715467759.2067726,332800,14.0,0.03125,1.28125,0,278.2857360839844,0.03750000149011612,0.14031213521957397,1.360649824142456,1.3835275173187256,0.074309803545475,-0.09718747437000275,1.0,1.0,0.0,0.0
105,1715467787.7794547,336000,10.0,0.0,1.125,0,288.0,0.0,0.0,-1.1778438091278076,-1.0818862915039062,0.0012343644630163908,-0.09719191491603851,1.0,1.0,0.0,0.0
106,1715467814.1600564,339200,12.0,0.03125,1.40625,0,278.0,0.03958333283662796,0.13712069392204285,1.224118947982788,1.250434160232544,0.07087647169828415,-0.09719163924455643,1.0,1.0,0.0,0.0
107,1715467839.5325308,342400,11.0,0.03125,1.03125,0,274.6363830566406,0.050852272659540176,0.16865791380405426,0.08690452575683594,0.10743920505046844,0.0766492411494255,-0.09718391299247742,1.0,1.0,0.0,0.0
108,1715467866.3469484,345600,12.0,0.03125,1.28125,0,280.0833435058594,0.03307291865348816,0.11456794291734695,-0.46494919061660767,-0.3999752402305603,0.03222294896841049,-0.09719690680503845,1.0,1.0,0.0,0.0
109,1715467893.7300427,348800,10.0,0.0,1.03125,0,288.0,0.0,0.0,-1.0479226112365723,-0.9517799615859985,0.0010500208009034395,-0.0971926599740982,1.0,1.0,0.0,0.0
110,1715467917.732713,352000,14.0,0.0625,1.40625,0,258.64288330078125,0.106026791036129,0.2700228691101074,2.8046298027038574,2.6923813819885254,0.20944149792194366,-0.09719306230545044,1.0,1.0,0.0,0.0
111,1715467942.1068475,355200,12.0,0.03125,1.03125,0,270.5,0.06302084028720856,0.21831056475639343,-0.40847769379615784,-0.44171562790870667,0.1304297298192978,-0.09719178825616837,1.0,1.0,0.0,0.0
112,1715467969.1628406,358400,11.0,0.03125,1.28125,0,279.3636474609375,0.03607954457402229,0.1196623146533966,-0.8592129349708557,-0.8014498949050903,0.0394165962934494,-0.09717965126037598,1.0,1.0,0.0,0.0
113,1715467996.969731,361600,12.0,0.0,1.3125,0,288.0,0.0,0.0,-1.2887725830078125,-1.1929906606674194,0.00140160764567554,-0.09718360751867294,1.0,1.0,0.0,0.0
114,1715468024.4662638,364800,9.0,0.0,1.125,0,288.0,0.0,0.0,-0.3963471055030823,-0.2994658946990967,0.0003060830640606582,-0.09718729555606842,1.0,1.0,0.0,0.0
115,1715468050.08257,368000,12.0,0.0,0.71875,0,288.0,0.0,0.0,-0.2202635407447815,-0.12329045683145523,0.00021460774587467313,-0.09718769043684006,1.0,1.0,0.0,0.0
116,1715468077.0821986,371200,13.0,0.03125,1.25,0,269.5384826660156,0.06538461893796921,0.2357475757598877,2.0857865810394287,2.0078039169311523,0.17516997456550598,-0.09718730300664902,1.0,1.0,0.0,0.0
117,1715468104.2656467,374400,12.0,0.0625,1.1875,0,267.75,0.07994791865348816,0.18734584748744965,1.6363823413848877,1.6103272438049316,0.12325528264045715,-0.09720014780759811,1.0,1.0,0.0,0.0
118,1715468129.25356,377600,11.0,0.0,1.34375,0,288.0,0.0,0.0,-2.6450583934783936,-2.5536184310913086,0.005746500566601753,-0.09718655794858932,1.0,1.0,0.0,0.0
119,1715468153.4417875,380800,10.0,0.03125,1.125,0,275.5,0.04906250163912773,0.15514923632144928,-0.2929239273071289,-0.21876157820224762,0.023028932511806488,-0.09719125926494598,1.0,1.0,0.0,0.0
120,1715468180.3101661,384000,12.0,0.03125,2.0625,0,268.3333435058594,0.06979166716337204,0.24176539480686188,1.4276679754257202,1.37099289894104,0.15386272966861725,-0.0971875935792923,1.0,1.0,0.0,0.0
121,1715468208.6261387,387200,14.0,0.0625,1.5,0,271.21429443359375,0.06674107164144516,0.2054237574338913,-0.7992809414863586,-0.7468992471694946,0.04479013755917549,-0.0971718356013298,1.0,1.0,0.0,0.0
122,1715468235.3990092,390400,9.0,0.0,1.09375,0,288.0,0.0,0.0,-0.9141949415206909,-0.8179559707641602,0.0009347271407023072,-0.09717366844415665,1.0,1.0,0.0,0.0
123,1715468259.4127173,393600,12.0,0.0,1.15625,0,288.0,0.0,0.0,-0.2957500219345093,-0.19903527200222015,0.00045789009891450405,-0.09717264026403427,1.0,1.0,0.0,0.0
124,1715468286.6350627,396800,11.0,0.0,1.3125,0,288.0,0.0,0.0,-0.10634041577577591,-0.00951702892780304,0.0003490434610284865,-0.09717243164777756,1.0,1.0,0.0,0.0
125,1715468314.0164812,400000,11.0,0.0,1.125,0,288.0,0.0,0.0,-0.14725524187088013,-0.05035000294446945,0.0002676627482287586,-0.09717290103435516,1.0,1.0,0.0,0.0
126,1715468338.815602,403200,11.0,0.0,1.21875,0,288.0,0.0,0.0,-0.34535518288612366,-0.2484758198261261,0.0002965085441246629,-0.09717587381601334,1.0,1.0,0.0,0.0
127,1715468362.60933,406400,11.0,0.0,1.90625,0,288.0,0.0,0.0,-0.004605397582054138,0.0922953188419342,0.0002725927042774856,-0.097173310816288,1.0,1.0,0.0,0.0
128,1715468388.9946675,409600,12.0,0.03125,1.25,0,277.91668701171875,0.03984375298023224,0.1380227953195572,1.9078091382980347,1.9287214279174805,0.07626362144947052,-0.09717594087123871,1.0,1.0,0.0,0.0
129,1715468416.7898462,412800,11.0,0.0,1.59375,0,288.0,0.0,0.0,-1.5823315382003784,-1.4873404502868652,0.0021836580708622932,-0.097174733877182,1.0,1.0,0.0,0.0
130,1715468443.749431,416000,11.0,0.03125,1.375,0,276.9090881347656,0.04374999925494194,0.1451023370027542,0.4821258783340454,0.536702036857605,0.042601946741342545,-0.09717808663845062,1.0,1.0,0.0,0.0
131,1715468467.7628782,419200,11.0,0.03125,1.5,0,267.54547119140625,0.0730113685131073,0.24215130507946014,-0.20103105902671814,-0.16277846693992615,0.05892207473516464,-0.09717467427253723,1.0,1.0,0.0,0.0
132,1715468494.3676167,422400,14.0,0.0625,1.3125,0,281.64288330078125,0.03415178507566452,0.10124275833368301,0.4475715160369873,0.5142767429351807,0.030469508841633797,-0.09717477858066559,1.0,1.0,0.0,0.0
133,1715468522.2047234,425600,11.0,0.0625,1.4375,0,266.9090881347656,0.08409091085195541,0.18709567189216614,0.7396250367164612,0.7616551518440247,0.07513803988695145,-0.09716812521219254,1.0,1.0,0.0,0.0
134,1715468546.1388745,428800,12.0,0.03125,1.25,0,268.5833435058594,0.0690104216337204,0.23905910551548004,0.6777867078781128,0.5996107459068298,0.17532701790332794,-0.097151018679142,1.0,1.0,0.0,0.0
135,1715468569.7376232,432000,11.0,0.03125,0.9375,0,272.3636474609375,0.05795454606413841,0.19221347570419312,0.30322256684303284,0.2783866226673126,0.12197498977184296,-0.09713903069496155,1.0,1.0,0.0,0.0
136,1715468598.0042524,435200,11.0,0.0,1.34375,0,288.0,0.0,0.0,-2.4908761978149414,-2.398834705352783,0.005090550519526005,-0.09713207185268402,1.0,1.0,0.0,0.0
137,1715468626.1214914,438400,11.0,0.0,0.46875,0,288.0,0.0,0.0,-0.3740091621875763,-0.2772088944911957,0.0003418826963752508,-0.09714216738939285,1.0,1.0,0.0,0.0
138,1715468652.7660146,441600,13.0,0.03125,1.28125,0,276.5384826660156,0.04350961744785309,0.15687616169452667,0.9284006357192993,0.9603779315948486,0.06516814231872559,-0.09714541584253311,1.0,1.0,0.0,0.0
139,1715468677.6995518,444800,10.0,0.0,0.8125,0,288.0,0.0,0.0,-0.8919570446014404,-0.7956164479255676,0.0008064626017585397,-0.09714705497026443,1.0,1.0,0.0,0.0
140,1715468704.7052934,448000,12.0,0.09375,1.4375,0,240.83334350585938,0.17239582538604736,0.33489587903022766,2.3050153255462646,2.2043349742889404,0.19782859086990356,-0.09714825451374054,1.0,1.0,0.0,0.0
141,1715468732.0976903,451200,12.0,0.0,0.84375,0,288.0,0.0,0.0,-2.002943992614746,-1.9092521667480469,0.003459732513874769,-0.0971515029668808,1.0,1.0,0.0,0.0
142,1715468757.6537662,454400,11.0,0.03125,0.96875,0,286.3636474609375,0.014204545877873898,0.0471111461520195,-0.004813440144062042,0.08518993854522705,0.007150131277740002,-0.09715350717306137,1.0,1.0,0.0,0.0
143,1715468781.8985507,457600,12.0,0.0,1.0625,0,288.0,0.0,0.0,-0.5171459317207336,-0.4204248785972595,0.0004313716199249029,-0.09715241193771362,1.0,1.0,0.0,0.0
144,1715468809.5099218,460800,11.0,0.0,1.59375,0,288.0,0.0,0.0,-0.2657966613769531,-0.1692238748073578,0.0005789258284494281,-0.09715170413255692,1.0,1.0,0.0,0.0
145,1715468836.6451032,464000,10.0,0.0,1.28125,0,288.0,0.0,0.0,-0.1161937564611435,-0.019418716430664062,0.0003801099956035614,-0.0971551463007927,1.0,1.0,0.0,0.0
146,1715468863.1074798,467200,13.0,0.0,1.15625,0,288.0,0.0,0.0,-0.12693774700164795,-0.030162014067173004,0.00038184598088264465,-0.09715757519006729,1.0,1.0,0.0,0.0
147,1715468887.448491,470400,9.0,0.03125,1.03125,0,286.0,0.0173611119389534,0.0520833320915699,0.3086920380592346,0.39836183190345764,0.0074823349714279175,-0.09715212881565094,1.0,1.0,0.0,0.0
148,1715468914.8901823,473600,13.0,0.0,1.0,0,288.0,0.0,0.0,-0.5068753361701965,-0.41015109419822693,0.0004253968654666096,-0.09714962542057037,1.0,1.0,0.0,0.0
149,1715468941.7135925,476800,10.0,0.03125,1.78125,0,284.6000061035156,0.020625000819563866,0.06522197276353836,-0.008748456835746765,0.08130991458892822,0.007085000164806843,-0.09714337438344955,1.0,1.0,0.0,0.0
150,1715468966.4548512,480000,12.0,0.0,0.84375,0,288.0,0.0,0.0,-0.2948566973209381,-0.19797483086585999,0.0002681144105736166,-0.09714999049901962,1.0,1.0,0.0,0.0
151,1715468990.862244,483200,12.0,0.03125,1.28125,0,273.0,0.05520833656191826,0.19124728441238403,2.3246188163757324,2.280958652496338,0.14080896973609924,-0.09714899212121964,1.0,1.0,0.0,0.0
152,1715469017.835344,486400,11.0,0.03125,1.21875,0,280.2727355957031,0.03323863819241524,0.11024007946252823,-0.8695075511932373,-0.8077071905136108,0.0353308729827404,-0.09713125228881836,1.0,1.0,0.0,0.0
153,1715469044.244452,489600,13.0,0.03125,1.03125,0,271.69232177734375,0.05865384638309479,0.21147944033145905,-0.44398993253707886,-0.4111526608467102,0.06428849697113037,-0.09712575376033783,1.0,1.0,0.0,0.0
154,1715469071.8558195,492800,9.0,0.0,1.09375,0,288.0,0.0,0.0,-0.8722711205482483,-0.7759587168693542,0.0007987915305420756,-0.09711117297410965,1.0,1.0,0.0,0.0
155,1715469095.813835,496000,13.0,0.0625,1.3125,0,261.0769348144531,0.09951923787593842,0.2535742223262787,3.3788976669311523,3.2293930053710938,0.24661338329315186,-0.09710873663425446,1.0,1.0,0.0,0.0
156,1715469123.3758993,499200,13.0,0.03125,1.25,0,268.6153869628906,0.06826923042535782,0.2461482137441635,0.31436002254486084,0.18200504779815674,0.22945871949195862,-0.09710372984409332,1.0,1.0,0.0,0.0
157,1715469151.1834333,502400,10.0,0.0625,1.59375,0,262.3000183105469,0.1003124937415123,0.23065072298049927,0.08020082861185074,0.029080554842948914,0.14820009469985962,-0.0970798209309578,1.0,1.0,0.0,0.0
158,1715469176.7850912,505600,16.0,0.125,1.15625,0,255.0625,0.1279296875,0.25767505168914795,-0.042218610644340515,-0.09897681325674057,0.15384870767593384,-0.09709050506353378,1.0,1.0,0.0,0.0
159,1715469200.7721202,508800,9.0,0.0,1.4375,0,288.0,0.0,0.0,-2.840395927429199,-2.7502098083496094,0.006877034902572632,-0.09706299751996994,1.0,1.0,0.0,0.0
160,1715469227.9991915,512000,11.0,0.0,1.40625,0,288.0,0.0,0.0,-0.43962571024894714,-0.3435220420360565,0.0009724066476337612,-0.09707608819007874,1.0,1.0,0.0,0.0
161,1715469255.6168067,515200,12.0,0.03125,1.03125,0,269.91668701171875,0.06484375149011612,0.2246253490447998,2.7681567668914795,2.6714446544647217,0.19379368424415588,-0.09708171337842941,1.0,1.0,0.0,0.0
162,1715469282.778229,518400,11.0,0.0,0.875,0,288.0,0.0,0.0,-2.214022636413574,-2.121047019958496,0.0041012573055922985,-0.097076915204525,1.0,1.0,0.0,0.0
163,1715469307.199997,521600,11.0,0.0,0.59375,0,288.0,0.0,0.0,-0.5581958293914795,-0.46174412965774536,0.0006316728540696204,-0.09708338230848312,1.0,1.0,0.0,0.0
164,1715469334.572927,524800,13.0,0.03125,1.3125,0,281.0,0.029567308723926544,0.10660645365715027,0.5047630667686462,0.5664162039756775,0.03543493151664734,-0.0970880314707756,1.0,1.0,0.0,0.0
165,1715469361.9562693,528000,10.0,0.03125,1.25,0,283.20001220703125,0.02500000037252903,0.07905694097280502,-0.21657347679138184,-0.13145728409290314,0.011962249875068665,-0.09707845002412796,1.0,1.0,0.0,0.0
166,1715469387.7115407,531200,10.0,0.03125,0.59375,0,287.0,0.013124999590218067,0.041504889726638794,-0.37495750188827515,-0.2823120057582855,0.004424499347805977,-0.09706999361515045,1.0,1.0,0.0,0.0
167,1715469410.2962706,534400,14.0,0.0,1.71875,0,288.0,0.0,0.0,-0.40595176815986633,-0.3094405233860016,0.0005642505129799247,-0.09707549214363098,1.0,1.0,0.0,0.0
168,1715469437.1185076,537600,10.0,0.03125,0.96875,0,269.6000061035156,0.06750000268220901,0.2134537398815155,0.8352557420730591,0.8519943356513977,0.08033974468708038,-0.09707830846309662,1.0,1.0,0.0,0.0
169,1715469465.3536956,540800,12.0,0.03125,0.96875,0,276.16668701171875,0.04531250149011612,0.15696710348129272,-0.24196988344192505,-0.18109557032585144,0.0361776165664196,-0.09705193340778351,1.0,1.0,0.0,0.0
170,1715469493.089711,544000,11.0,0.03125,1.46875,0,285.0909118652344,0.01818181946873665,0.06030227243900299,-0.5565940737724304,-0.4667280614376068,0.0071747200563549995,-0.09704075753688812,1.0,1.0,0.0,0.0
171,1715469516.8633926,547200,11.0,0.0625,1.46875,0,273.727294921875,0.0627840906381607,0.15587739646434784,0.062135569751262665,0.14806389808654785,0.011107658967375755,-0.0970359817147255,1.0,1.0,0.0,0.0
172,1715469544.3821025,550400,12.0,0.03125,1.5,0,269.3333435058594,0.06666667014360428,0.23094011843204498,0.5575991868972778,0.5557050704956055,0.09892968833446503,-0.09703555703163147,1.0,1.0,0.0,0.0
173,1715469571.887921,553600,12.0,0.0,1.25,0,288.0,0.0,0.0,-1.015977382659912,-0.920059859752655,0.001087697921320796,-0.0970052182674408,1.0,1.0,0.0,0.0
174,1715469597.0779307,556800,12.0,0.03125,1.34375,0,280.91668701171875,0.03046875074505806,0.10554684698581696,1.008494257926941,1.0636112689971924,0.04189206287264824,-0.09700902551412582,1.0,1.0,0.0,0.0
175,1715469620.7343798,560000,10.0,0.0,1.1875,0,288.0,0.0,0.0,-1.158651351928711,-1.0631638765335083,0.0015218817861750722,-0.09700927883386612,1.0,1.0,0.0,0.0
176,1715469647.5160863,563200,10.0,0.0,1.6875,0,288.0,0.0,0.0,-0.3196984827518463,-0.22317394614219666,0.0004994975170120597,-0.09702403098344803,1.0,1.0,0.0,0.0
177,1715469676.0801055,566400,13.0,0.0,1.28125,0,288.0,0.0,0.0,0.08366278558969498,0.18026277422904968,0.00042503050644882023,-0.09702501446008682,1.0,1.0,0.0,0.0
178,1715469704.1972437,569600,10.0,0.0,1.28125,0,288.0,0.0,0.0,-0.143480122089386,-0.04681769758462906,0.00036321685183793306,-0.09702564030885696,1.0,1.0,0.0,0.0
179,1715469728.2326653,572800,12.0,0.0,1.25,0,288.0,0.0,0.0,-0.13847626745700836,-0.04174721986055374,0.00029605175950564444,-0.09702510386705399,1.0,1.0,0.0,0.0
180,1715469755.0737736,576000,12.0,0.03125,1.46875,0,278.91668701171875,0.03671875223517418,0.1271974891424179,1.0020549297332764,1.0448843240737915,0.05419737845659256,-0.0970267653465271,1.0,1.0,0.0,0.0
181,1715469782.3904936,579200,9.0,0.0,1.4375,0,288.0,0.0,0.0,-1.1970388889312744,-1.1012799739837646,0.001265157712623477,-0.09702402353286743,1.0,1.0,0.0,0.0
182,1715469808.4776027,582400,13.0,0.03125,0.875,0,266.6153869628906,0.07451923191547394,0.26868289709091187,1.7194626331329346,1.6271319389343262,0.18936356902122498,-0.09703293442726135,1.0,1.0,0.0,0.0
183,1715469832.0446475,585600,13.0,0.0625,1.5625,0,263.69232177734375,0.09134615957736969,0.22442835569381714,2.2598602771759033,2.1700644493103027,0.18684077262878418,-0.09704484790563583,1.0,1.0,0.0,0.0
184,1715469859.5612223,588800,11.0,0.03125,0.875,0,271.3636474609375,0.06107954680919647,0.20257793366909027,-1.1421502828598022,-1.170566201210022,0.1254758983850479,-0.09705998003482819,1.0,1.0,0.0,0.0
185,1715469887.033651,592000,14.0,0.125,1.875,0,235.57144165039062,0.19241072237491608,0.3172374367713928,3.387176990509033,3.140286922454834,0.3439176678657532,-0.09702763706445694,1.0,1.0,0.0,0.0
186,1715469914.9554498,595200,11.0,0.03125,0.875,0,278.81817626953125,0.037784092128276825,0.12531565129756927,-3.9864323139190674,-3.9375216960906982,0.04812406376004219,-0.09703458100557327,1.0,1.0,0.0,0.0
187,1715469938.9878979,598400,12.0,0.0,1.0,0,288.0,0.0,0.0,-1.4101545810699463,-1.315118432044983,0.0020456225611269474,-0.09708179533481598,1.0,1.0,0.0,0.0
188,1715469966.3932643,601600,12.0,0.03125,0.875,0,269.66668701171875,0.06562500447034836,0.22733168303966522,2.619246482849121,2.5168991088867188,0.19943371415138245,-0.09708645939826965,1.0,1.0,0.0,0.0
189,1715469993.9304712,604800,11.0,0.0,1.21875,0,288.0,0.0,0.0,-2.445636510848999,-2.3541793823242188,0.005591829307377338,-0.09704891592264175,1.0,1.0,0.0,0.0
190,1715470020.178089,608000,13.0,0.0625,1.65625,0,268.6153869628906,0.07596154510974884,0.21675948798656464,1.5907299518585205,1.581895351409912,0.10589941591024399,-0.09706480801105499,1.0,1.0,0.0,0.0
191,1715470044.5427287,611200,10.0,0.03125,1.8125,0,284.1000061035156,0.022187499329447746,0.07016303390264511,-1.1674710512161255,-1.0832339525222778,0.012811319902539253,-0.09704837203025818,1.0,1.0,0.0,0.0
192,1715470071.342446,614400,11.0,0.0,1.625,0,288.0,0.0,0.0,-0.7534381151199341,-0.6574060916900635,0.001011357526294887,-0.09704337269067764,1.0,1.0,0.0,0.0
193,1715470098.7371502,617600,10.0,0.0,0.9375,0,288.0,0.0,0.0,-0.5049468278884888,-0.40844202041625977,0.0005416434723883867,-0.09704643487930298,1.0,1.0,0.0,0.0
194,1715470125.7100763,620800,13.0,0.09375,1.59375,0,253.53846740722656,0.13076923787593842,0.27180570363998413,2.068369150161743,2.012871265411377,0.1525469869375229,-0.09704910963773727,1.0,1.0,0.0,0.0
195,1715470149.3483353,624000,13.0,0.0625,1.5625,0,266.15386962890625,0.08365384489297867,0.20420049130916595,0.04762929677963257,0.05527797341346741,0.08937139809131622,-0.09702007472515106,1.0,1.0,0.0,0.0
196,1715470175.778082,627200,11.0,0.03125,1.34375,0,282.18182373046875,0.027272729203104973,0.09045340865850449,-1.020100712776184,-0.9409378170967102,0.017817620187997818,-0.09698045998811722,1.0,1.0,0.0,0.0
197,1715470203.366129,630400,12.0,0.0,1.46875,0,288.0,0.0,0.0,-0.8404436111450195,-0.7443124055862427,0.0008632120443508029,-0.09699441492557526,1.0,1.0,0.0,0.0
198,1715470228.3177917,633600,11.0,0.03125,0.96875,0,277.3636474609375,0.04232954606413841,0.14039121568202972,0.9723103642463684,1.0207810401916504,0.0485270693898201,-0.09699779003858566,1.0,1.0,0.0,0.0
199,1715470253.1239526,636800,9.0,0.0,0.875,0,288.0,0.0,0.0,-1.0023003816604614,-0.9063389301300049,0.0010531027801334858,-0.09701454639434814,1.0,1.0,0.0,0.0
200,1715470278.8688977,640000,14.0,0.03125,1.09375,0,279.4285888671875,0.03392857313156128,0.12694908678531647,1.5499597787857056,1.5737603902816772,0.07322575151920319,-0.09702633321285248,1.0,1.0,0.0,0.0
201,1715470307.3319833,643200,10.0,0.0,1.53125,0,288.0,0.0,0.0,-1.637260913848877,-1.5427117347717285,0.0024419608525931835,-0.09699118137359619,1.0,1.0,0.0,0.0
202,1715470334.4424925,646400,11.0,0.0,1.6875,0,288.0,0.0,0.0,-0.2666671872138977,-0.17015887796878815,0.0004897620528936386,-0.09699808061122894,1.0,1.0,0.0,0.0
203,1715470358.261608,649600,12.0,0.0625,1.75,0,269.5,0.07447917014360428,0.22661131620407104,1.2911112308502197,1.2843220233917236,0.10378590226173401,-0.09699663519859314,1.0,1.0,0.0,0.0
204,1715470385.2459006,652800,11.0,0.0,1.5625,0,288.0,0.0,0.0,-1.4195712804794312,-1.3242872953414917,0.0016837756847962737,-0.09696784615516663,1.0,1.0,0.0,0.0
205,1715470412.8467345,656000,12.0,0.0,1.4375,0,288.0,0.0,0.0,-0.09436888247728348,0.0022370032966136932,0.0003675904299598187,-0.0969734787940979,1.0,1.0,0.0,0.0
206,1715470438.8650587,659200,11.0,0.0,1.125,0,288.0,0.0,0.0,-0.18166518211364746,-0.0849323719739914,0.0002492983767297119,-0.09698210656642914,1.0,1.0,0.0,0.0
207,1715470463.0983927,662400,10.0,0.03125,0.6875,0,283.3999938964844,0.024375000968575478,0.07708051800727844,0.20439521968364716,0.29457956552505493,0.006795231252908707,-0.09697957336902618,1.0,1.0,0.0,0.0
208,1715470489.8651946,665600,12.0,0.03125,0.96875,0,287.16668701171875,0.010937499813735485,0.03788860887289047,0.035753533244132996,0.12812146544456482,0.004611142911016941,-0.09697908163070679,1.0,1.0,0.0,0.0
209,1715470517.417055,668800,10.0,0.0,1.375,0,288.0,0.0,0.0,-0.7091423273086548,-0.6128325462341309,0.0006516658468171954,-0.09696143120527267,1.0,1.0,0.0,0.0
210,1715470544.0258718,672000,14.0,0.0625,1.78125,0,269.2857360839844,0.07276785373687744,0.22395063936710358,3.9322609901428223,3.7883009910583496,0.24093131721019745,-0.09697140008211136,1.0,1.0,0.0,0.0
211,1715470568.8292658,675200,10.0,0.03125,1.78125,0,275.70001220703125,0.04843750223517418,0.1531728208065033,-2.2207746505737305,-2.162968158721924,0.03917768597602844,-0.09698420017957687,1.0,1.0,0.0,0.0
212,1715470594.824075,678400,11.0,0.03125,1.53125,0,281.4545593261719,0.029545454308390617,0.09799118340015411,-0.09630852192640305,-0.030862420797348022,0.031560830771923065,-0.09700693190097809,1.0,1.0,0.0,0.0
213,1715470620.5771093,681600,12.0,0.0,1.71875,0,288.0,0.0,0.0,-1.2199711799621582,-1.1243994235992432,0.0014429385773837566,-0.09701471775770187,1.0,1.0,0.0,0.0
214,1715470644.1939323,684800,12.0,0.0,1.15625,0,288.0,0.0,0.0,-0.23192179203033447,-0.1352633833885193,0.00036048644687980413,-0.09701889753341675,1.0,1.0,0.0,0.0
215,1715470668.8115194,688000,10.0,0.0,1.4375,0,288.0,0.0,0.0,-0.37985560297966003,-0.2832857668399811,0.00044615124352276325,-0.09701597690582275,1.0,1.0,0.0,0.0
216,1715470694.7894678,691200,11.0,0.03125,1.75,0,283.4545593261719,0.023295454680919647,0.077262282371521,0.7074739336967468,0.7855466604232788,0.018939081579446793,-0.09701178967952728,1.0,1.0,0.0,0.0
217,1715470722.1816301,694400,13.0,0.03125,1.4375,0,280.0769348144531,0.032451923936605453,0.1170070692896843,0.6758941411972046,0.7246696949005127,0.048224881291389465,-0.09700039029121399,1.0,1.0,0.0,0.0
218,1715470749.3449094,697600,11.0,0.03125,1.09375,0,277.9090881347656,0.04062500223517418,0.13473787903785706,0.3542298376560211,0.3948199152946472,0.056376755237579346,-0.09696684032678604,1.0,1.0,0.0,0.0
219,1715470774.174525,700800,10.0,0.0,1.5,0,288.0,0.0,0.0,-1.7211023569107056,-1.626787543296814,0.0026224066969007254,-0.09693720191717148,1.0,1.0,0.0,0.0
220,1715470800.5613813,704000,13.0,0.03125,0.9375,0,279.76922607421875,0.03341346234083176,0.1204739511013031,0.7076473236083984,0.7608141899108887,0.04378848895430565,-0.09695537388324738,1.0,1.0,0.0,0.0
221,1715470828.528943,707200,10.0,0.0,0.9375,0,288.0,0.0,0.0,-0.9929942488670349,-0.8972846269607544,0.0012441633734852076,-0.09695378690958023,1.0,1.0,0.0,0.0
222,1715470854.0859025,710400,13.0,0.0625,1.03125,0,272.6153869628906,0.0634615421295166,0.19512443244457245,1.5093612670898438,1.508782982826233,0.09753750264644623,-0.09695921093225479,1.0,1.0,0.0,0.0
223,1715470878.0863237,713600,11.0,0.03125,0.9375,0,270.9090881347656,0.0625,0.20728905498981476,-0.5515797138214111,-0.5254904627799988,0.07080600410699844,-0.0968952551484108,1.0,1.0,0.0,0.0
224,1715470905.972031,716800,10.0,0.0625,1.75,0,277.3999938964844,0.05312500149011612,0.11277936398983002,-0.12953487038612366,-0.05843208357691765,0.025763047859072685,-0.09686583280563354,1.0,1.0,0.0,0.0
225,1715470933.1221447,720000,13.0,0.0,1.625,0,288.0,0.0,0.0,-1.1099196672439575,-1.0146360397338867,0.001569460378959775,-0.09685318171977997,1.0,1.0,0.0,0.0
226,1715470960.11206,723200,12.0,0.09375,1.9375,0,257.5,0.12031250447034836,0.26454994082450867,3.1707725524902344,3.065664768218994,0.20199626684188843,-0.09688866138458252,1.0,1.0,0.0,0.0
227,1715470984.0829854,726400,11.0,0.0,1.15625,0,288.0,0.0,0.0,-2.7055466175079346,-2.615086078643799,0.006382366642355919,-0.09684310853481293,1.0,1.0,0.0,0.0
228,1715471011.7485533,729600,12.0,0.0,1.125,0,288.0,0.0,0.0,-0.5044204592704773,-0.40807652473449707,0.0005368231213651597,-0.09688074886798859,1.0,1.0,0.0,0.0
229,1715471040.7136168,732800,10.0,0.0625,0.75,0,264.3000183105469,0.09406249970197678,0.20155885815620422,2.7100484371185303,2.679561138153076,0.12736886739730835,-0.09688166528940201,1.0,1.0,0.0,0.0
230,1715471065.7009797,736000,14.0,0.03125,1.21875,0,279.8571472167969,0.03258928656578064,0.12193793803453445,-1.3384910821914673,-1.2858831882476807,0.04428752139210701,-0.09689545631408691,1.0,1.0,0.0,0.0
231,1715471088.8923595,739200,10.0,0.0,1.90625,0,288.0,0.0,0.0,-1.2916244268417358,-1.196342945098877,0.0016116260085254908,-0.09689304977655411,1.0,1.0,0.0,0.0
232,1715471117.051812,742400,9.0,0.0,1.375,0,288.0,0.0,0.0,-0.25570687651634216,-0.15942102670669556,0.0006224926910363138,-0.09690834581851959,1.0,1.0,0.0,0.0
233,1715471144.8113382,745600,14.0,0.03125,1.1875,0,273.14288330078125,0.0535714328289032,0.20044593513011932,2.4000191688537598,2.321049451828003,0.1758742481470108,-0.09690459072589874,1.0,1.0,0.0,0.0
234,1715471170.8531725,748800,11.0,0.0,0.71875,0,288.0,0.0,0.0,-2.093306541442871,-1.9999020099639893,0.0035274368710815907,-0.09693203121423721,1.0,1.0,0.0,0.0
235,1715471195.0212991,752000,12.0,0.0,1.0,0,288.0,0.0,0.0,-0.36211732029914856,-0.26567530632019043,0.0005223089829087257,-0.09696432203054428,1.0,1.0,0.0,0.0
236,1715471221.8393993,755200,9.0,0.0,1.0,0,288.0,0.0,0.0,-0.032441385090351105,0.06404338777065277,0.0004656192904803902,-0.09695038944482803,1.0,1.0,0.0,0.0
237,1715471248.383294,758400,13.0,0.03125,1.34375,0,276.3846130371094,0.04399038478732109,0.15860958397388458,1.164837121963501,1.1834944486618042,0.07829052209854126,-0.09694792330265045,1.0,1.0,0.0,0.0
238,1715471273.433184,761600,12.0,0.09375,1.40625,0,259.5,0.11406251043081284,0.21353982388973236,1.9524073600769043,1.9139165878295898,0.1354147493839264,-0.09692408889532089,1.0,1.0,0.0,0.0
239,1715471297.6542528,764800,10.0,0.03125,1.8125,0,270.3000183105469,0.06531249731779099,0.20653626322746277,-0.9403078556060791,-0.9489144086837769,0.10551846772432327,-0.09691191464662552,1.0,1.0,0.0,0.0
240,1715471324.2314134,768000,14.0,0.0,0.9375,0,288.0,0.0,0.0,-1.972954273223877,-1.8793246746063232,0.0032481765374541283,-0.09687785804271698,1.0,1.0,0.0,0.0
241,1715471351.570773,771200,12.0,0.0625,1.09375,0,264.41668701171875,0.09036457538604736,0.21599505841732025,3.7557709217071533,3.656374454498291,0.19630053639411926,-0.0969039648771286,1.0,1.0,0.0,0.0
242,1715471377.2193666,774400,13.0,0.125,1.125,0,233.00001525878906,0.2026442438364029,0.3217102289199829,2.03898024559021,1.8338170051574707,0.301929235458374,-0.09676603972911835,1.0,1.0,0.0,0.0
243,1715471400.2124465,777600,12.0,0.0625,1.40625,0,277.0833435058594,0.05078125,0.1233709529042244,-4.42362117767334,-4.373189926147461,0.04623822867870331,-0.09666948765516281,1.0,1.0,0.0,0.0
244,1715471428.0370283,780800,10.0,0.0625,1.375,0,281.6000061035156,0.04000000283122063,0.0856044664978981,0.006542801856994629,0.08805200457572937,0.015287483111023903,-0.0967966839671135,1.0,1.0,0.0,0.0
245,1715471455.212758,784000,12.0,0.03125,1.4375,0,264.66668701171875,0.08125000447034836,0.2814582586288452,1.4419574737548828,1.3250185251235962,0.21369005739688873,-0.09675104171037674,1.0,1.0,0.0,0.0
246,1715471480.9904928,787200,12.0,0.03125,1.0,0,272.75,0.0559895858168602,0.19395360350608826,-1.4638241529464722,-1.420501708984375,0.05343419313430786,-0.09675654768943787,1.0,1.0,0.0,0.0
247,1715471505.9372127,790400,11.0,0.0,1.09375,0,288.0,0.0,0.0,-1.0419307947158813,-0.9467387795448303,0.0015796816442161798,-0.0967717170715332,1.0,1.0,0.0,0.0
248,1715471532.9001446,793600,13.0,0.03125,1.40625,0,274.6153869628906,0.04951923340559006,0.17854413390159607,0.2405439019203186,0.3138028383255005,0.023499861359596252,-0.09675877541303635,1.0,1.0,0.0,0.0
249,1715471560.3600242,796800,12.0,0.03125,1.375,0,275.8333435058594,0.04635416716337204,0.16057553887367249,1.572473168373108,1.5669877529144287,0.10226178914308548,-0.0967763140797615,1.0,1.0,0.0,0.0
250,1715471587.933865,800000,11.0,0.125,1.0625,0,247.3636474609375,0.16335228085517883,0.2813822329044342,2.484539031982422,2.34199595451355,0.23925071954727173,-0.09670756757259369,1.0,1.0,0.0,0.0
251,1715471612.740517,803200,13.0,0.0,1.375,0,288.0,0.0,0.0,-4.03306770324707,-3.9513299465179443,0.014758446253836155,-0.09649628400802612,1.0,1.0,0.0,0.0
252,1715471639.1095464,806400,11.0,0.0625,1.28125,0,259.0,0.10880681872367859,0.245334655046463,3.252776622772217,3.1795265674591064,0.16988074779510498,-0.09663067013025284,1.0,1.0,0.0,0.0
253,1715471665.930431,809600,11.0,0.03125,1.28125,0,263.0909118652344,0.08693182468414307,0.28832024335861206,0.163504958152771,0.034526899456977844,0.22555741667747498,-0.09657937288284302,1.0,1.0,0.0,0.0
254,1715471693.5100834,812800,12.0,0.0625,1.21875,0,279.5,0.04322917014360428,0.10441967844963074,-1.5226932764053345,-1.45210862159729,0.026039525866508484,-0.09662414342164993,1.0,1.0,0.0,0.0
255,1715471717.3029528,816000,11.0,0.0,1.28125,0,288.0,0.0,0.0,-1.022118330001831,-0.9269376993179321,0.0014671662356704473,-0.09664773941040039,1.0,1.0,0.0,0.0
256,1715471744.9031682,819200,13.0,0.03125,1.71875,0,287.0,0.010817307978868484,0.03900235891342163,0.22350680828094482,0.3129596710205078,0.0071986373513937,-0.09665150195360184,1.0,1.0,0.0,0.0
257,1715471772.350731,822400,9.0,0.03125,1.90625,0,283.1111145019531,0.02638888917863369,0.07916666567325592,-0.13221710920333862,-0.04777753725647926,0.012225424870848656,-0.09666498750448227,1.0,1.0,0.0,0.0
258,1715471798.8837616,825600,10.0,0.0,0.4375,0,288.0,0.0,0.0,-0.6414192914962769,-0.5456395745277405,0.0008725631632842124,-0.09665226936340332,1.0,1.0,0.0,0.0
259,1715471824.1105978,828800,14.0,0.03125,1.375,0,269.21429443359375,0.0658482164144516,0.2463814616203308,2.2707817554473877,2.1546807289123535,0.21273919939994812,-0.0966382548213005,1.0,1.0,0.0,0.0
260,1715471850.879496,832000,11.0,0.0,1.09375,0,288.0,0.0,0.0,-2.1786108016967773,-2.0865960121154785,0.004480883479118347,-0.09649566560983658,1.0,1.0,0.0,0.0
261,1715471876.2713592,835200,12.0,0.0625,1.375,0,259.16668701171875,0.1067708358168602,0.2571071982383728,3.420316457748413,3.305950164794922,0.21092405915260315,-0.09655794501304626,1.0,1.0,0.0,0.0
262,1715471900.046914,838400,12.0,0.0625,1.3125,0,269.8333435058594,0.07343750447034836,0.21396346390247345,-1.236272931098938,-1.275477647781372,0.13564816117286682,-0.09644337743520737,1.0,1.0,0.0,0.0
263,1715471923.671604,841600,11.0,0.03125,1.15625,0,281.0909118652344,0.03068181872367859,0.10176008194684982,-1.5401499271392822,-1.455851674079895,0.01224849745631218,-0.09654673933982849,1.0,1.0,0.0,0.0
264,1715471950.8385947,844800,12.0,0.0625,1.28125,0,266.25,0.0846354216337204,0.20490027964115143,2.3168115615844727,2.2635879516601562,0.14973513782024384,-0.09651171416044235,1.0,1.0,0.0,0.0
265,1715471978.2558017,848000,12.0,0.0,1.59375,0,288.0,0.0,0.0,-3.0598626136779785,-2.972642421722412,0.009216348640620708,-0.09643638879060745,1.0,1.0,0.0,0.0
266,1715472006.8822238,851200,10.0,0.0,1.90625,0,288.0,0.0,0.0,0.0248740091919899,0.12059608846902847,0.0007932791486382484,-0.09651535749435425,1.0,1.0,0.0,0.0
267,1715472029.8441432,854400,12.0,0.03125,1.46875,0,279.66668701171875,0.03437500074505806,0.11907848715782166,0.47193798422813416,0.5462248921394348,0.022230276837944984,-0.0965171679854393,1.0,1.0,0.0,0.0
268,1715472057.059169,857600,12.0,0.0625,0.625,0,268.75,0.0768229216337204,0.17942091822624207,0.6440974473953247,0.6820510029792786,0.05860722064971924,-0.0965607687830925,1.0,1.0,0.0,0.0
269,1715472083.6690767,860800,11.0,0.03125,1.25,0,279.2727355957031,0.0363636389374733,0.12060454487800598,-0.16397926211357117,-0.10290668904781342,0.035355374217033386,-0.09642795473337173,1.0,1.0,0.0,0.0
270,1715472108.406185,864000,13.0,0.03125,0.5625,0,273.4615478515625,0.05312500149011612,0.19154490530490875,0.48874926567077637,0.48625075817108154,0.09893541038036346,-0.09643691033124924,1.0,1.0,0.0,0.0
271,1715472132.003854,867200,10.0,0.0,1.09375,0,288.0,0.0,0.0,-1.5310322046279907,-1.437537431716919,0.0027117407880723476,-0.09620658308267593,1.0,1.0,0.0,0.0
272,1715472159.0199752,870400,13.0,0.0,1.625,0,288.0,0.0,0.0,-0.10919705033302307,-0.013734588399529457,0.0007459504995495081,-0.09620840847492218,1.0,1.0,0.0,0.0
273,1715472186.191358,873600,9.0,0.03125,1.0625,0,281.0,0.0329861119389534,0.0989583358168602,0.046637505292892456,0.13186824321746826,0.011026224121451378,-0.09625695645809174,1.0,1.0,0.0,0.0
274,1715472213.6060784,876800,12.0,0.03125,1.53125,0,286.41668701171875,0.01328125037252903,0.04600759595632553,-0.2639896273612976,-0.17325866222381592,0.005464036948978901,-0.09619499742984772,1.0,1.0,0.0,0.0
275,1715472238.1749368,880000,11.0,0.0,0.8125,0,288.0,0.0,0.0,-0.07141536474227905,0.024285200983285904,0.00047424653894267976,-0.09617481380701065,1.0,1.0,0.0,0.0
276,1715472265.5379868,883200,11.0,0.0,1.78125,0,288.0,0.0,0.0,-0.2837289571762085,-0.18825247883796692,0.0006911024684086442,-0.09616757929325104,1.0,1.0,0.0,0.0
277,1715472292.8264174,886400,13.0,0.0,1.375,0,288.0,0.0,0.0,-0.0440506637096405,0.051693420857191086,0.0004309748183004558,-0.09617505967617035,1.0,1.0,0.0,0.0
278,1715472317.346181,889600,10.0,0.03125,1.53125,0,274.20001220703125,0.05312500149011612,0.16799600422382355,-0.07965736836194992,0.009922869503498077,0.006599457934498787,-0.09617969393730164,1.0,1.0,0.0,0.0
279,1715472341.3578718,892800,10.0,0.0,2.125,0,288.0,0.0,0.0,-0.10267913341522217,-0.007072772830724716,0.0005329552222974598,-0.0961393192410469,1.0,1.0,0.0,0.0
280,1715472368.1813958,896000,12.0,0.03125,1.15625,0,278.25,0.03880208358168602,0.13441435992717743,1.38096022605896,1.412501335144043,0.06463570892810822,-0.09617692232131958,1.0,1.0,0.0,0.0
281,1715472395.1294076,899200,14.0,0.03125,1.25,0,274.5,0.04933036118745804,0.18457730114459991,-1.3057780265808105,-1.2641955614089966,0.05450722947716713,-0.0960896834731102,1.0,1.0,0.0,0.0
282,1715472423.0983908,902400,10.0,0.0625,1.59375,0,250.3000030517578,0.13781249523162842,0.2960183322429657,1.1972428560256958,1.1936850547790527,0.09961320459842682,-0.09605538845062256,1.0,1.0,0.0,0.0
283,1715472447.9404857,905600,13.0,0.03125,1.96875,0,270.23077392578125,0.06322115659713745,0.22794710099697113,0.3794437348842621,0.2857629358768463,0.18933485448360443,-0.09565404057502747,1.0,1.0,0.0,0.0
284,1715472474.9130652,908800,12.0,0.0,1.65625,0,288.0,0.0,0.0,-2.7685725688934326,-2.681973934173584,0.008877435699105263,-0.09547614306211472,1.0,1.0,0.0,0.0
285,1715472499.9304988,912000,9.0,0.0625,1.6875,0,250.3333282470703,0.13993056118488312,0.31159937381744385,6.210875988006592,5.980550765991211,0.32586535811424255,-0.09554022550582886,1.0,1.0,0.0,0.0
286,1715472523.8868814,915200,15.0,0.09375,1.625,0,266.2666931152344,0.08791667222976685,0.24036647379398346,-4.932207107543945,-4.93402099609375,0.09740620106458664,-0.0955924242734909,1.0,1.0,0.0,0.0
287,1715472547.2523324,918400,11.0,0.03125,1.34375,0,265.3636474609375,0.07982955127954483,0.264764666557312,0.41736674308776855,0.4691002070903778,0.04452771320939064,-0.09626121819019318,1.0,1.0,0.0,0.0
288,1715472574.499868,921600,13.0,0.0,1.375,0,288.0,0.0,0.0,-0.8025741577148438,-0.7077239751815796,0.0011972677893936634,-0.09604749083518982,1.0,1.0,0.0,0.0
289,1715472602.118481,924800,10.0,0.03125,1.5625,0,266.20001220703125,0.078125,0.24705293774604797,2.0428359508514404,1.9833670854568481,0.15547724068164825,-0.09600827842950821,1.0,1.0,0.0,0.0
290,1715472625.6709194,928000,12.0,0.03125,1.21875,0,271.5833435058594,0.05963541567325592,0.2065831422805786,0.050884947180747986,0.01961759477853775,0.12731999158859253,-0.0960526317358017,1.0,1.0,0.0,0.0
291,1715472648.9111536,931200,12.0,0.03125,1.25,0,280.3333435058594,0.03229166567325592,0.11186160892248154,-1.6914193630218506,-1.6186578273773193,0.023201845586299896,-0.09596334397792816,1.0,1.0,0.0,0.0
292,1715472676.0738492,934400,12.0,0.0625,1.53125,0,251.4166717529297,0.13098958134651184,0.3059613108634949,4.007713794708252,3.7844834327697754,0.3192747235298157,-0.09604453295469284,1.0,1.0,0.0,0.0
293,1715472703.4580147,937600,12.0,0.03125,0.875,0,267.16668701171875,0.07343750447034836,0.2543949782848358,-2.0615522861480713,-2.1154403686523438,0.14949849247932434,-0.09561028331518173,1.0,1.0,0.0,0.0
294,1715472729.4661078,940800,12.0,0.0625,1.3125,0,272.8333435058594,0.06406250596046448,0.15061721205711365,-1.5122677087783813,-1.433121681213379,0.016196195036172867,-0.09534229338169098,1.0,1.0,0.0,0.0
295,1715472754.2323859,944000,14.0,0.03125,0.78125,0,271.9285888671875,0.05736607685685158,0.214644193649292,1.9880619049072266,1.9350833892822266,0.14838141202926636,-0.09540297091007233,1.0,1.0,0.0,0.0
296,1715472780.4222298,947200,9.0,0.0625,1.5,0,273.22222900390625,0.06840278208255768,0.13573479652404785,-1.2244839668273926,-1.1578474044799805,0.02865380421280861,-0.09529039263725281,1.0,1.0,0.0,0.0
297,1715472806.2292795,950400,12.0,0.0625,1.25,0,262.5833435058594,0.09609375894069672,0.23212796449661255,0.648692786693573,0.6472635269165039,0.09646300971508026,-0.09503377228975296,1.0,1.0,0.0,0.0
298,1715472830.6239128,953600,13.0,0.03125,1.21875,0,270.0769348144531,0.06370192766189575,0.22968055307865143,0.9217069149017334,0.817089855670929,0.19960680603981018,-0.09498976171016693,1.0,1.0,0.0,0.0
299,1715472854.9930625,956800,12.0,0.0625,1.1875,0,273.5833435058594,0.06171875447034836,0.14623668789863586,-1.1759748458862305,-1.141547679901123,0.060426875948905945,-0.094853974878788,1.0,1.0,0.0,0.0
300,1715472881.6061223,960000,10.0,0.0625,1.25,0,270.3000183105469,0.07531250268220901,0.17177364230155945,-0.8870652914047241,-0.8084962368011475,0.016958629712462425,-0.09552773088216782,1.0,1.0,0.0,0.0
301,1715472909.4462323,963200,13.0,0.03125,1.15625,0,279.3077087402344,0.03485577180981636,0.1256742626428604,-0.3875146508216858,-0.3047557473182678,0.012882694602012634,-0.0956416204571724,1.0,1.0,0.0,0.0
302,1715472934.188385,966400,12.0,0.03125,1.1875,0,277.0833435058594,0.04244791716337204,0.1470438838005066,-0.03344595059752464,0.04926297068595886,0.012874548323452473,-0.0955834686756134,1.0,1.0,0.0,0.0
303,1715472957.9747162,969600,12.0,0.0625,1.25,0,255.9166717529297,0.11692708730697632,0.2776168882846832,3.2110817432403564,3.0649847984313965,0.24169617891311646,-0.0955992192029953,1.0,1.0,0.0,0.0
304,1715472984.7993615,972800,11.0,0.03125,1.34375,0,273.2727355957031,0.05511363595724106,0.18279124796390533,-1.7403008937835693,-1.719970703125,0.07541392743587494,-0.09574416279792786,1.0,1.0,0.0,0.0
305,1715473012.7686665,976000,11.0,0.0,1.25,0,288.0,0.0,0.0,-1.3494714498519897,-1.2566074132919312,0.003148517804220319,-0.09601259976625443,1.0,1.0,0.0,0.0
306,1715473039.199245,979200,13.0,0.0625,1.15625,0,269.69232177734375,0.07259615510702133,0.19730094075202942,0.948300302028656,0.9822220802307129,0.062220264226198196,-0.09614197164773941,1.0,1.0,0.0,0.0
307,1715473061.9553654,982400,11.0,0.03125,1.0625,0,274.2727355957031,0.051988635212183,0.17242678999900818,0.4145587682723999,0.4187611937522888,0.09154321253299713,-0.09574561566114426,1.0,1.0,0.0,0.0
308,1715473088.6151242,985600,12.0,0.0,0.96875,0,288.0,0.0,0.0,-1.8260167837142944,-1.7338752746582031,0.0038106408901512623,-0.09595218300819397,1.0,1.0,0.0,0.0
309,1715473116.9366891,988800,9.0,0.0,1.40625,0,288.0,0.0,0.0,-0.17307311296463013,-0.07778142392635345,0.0007606275612488389,-0.09605231136083603,1.0,1.0,0.0,0.0
310,1715473142.186179,992000,11.0,0.0,1.28125,0,288.0,0.0,0.0,-0.3436569273471832,-0.24807864427566528,0.0005306631792336702,-0.09610893577337265,1.0,1.0,0.0,0.0
311,1715473166.3312201,995200,12.0,0.0,0.625,0,288.0,0.0,0.0,0.012418791651725769,0.10806077718734741,0.0005037423688918352,-0.09614572674036026,1.0,1.0,0.0,0.0
312,1715473193.717898,998400,13.0,0.0625,1.3125,0,274.5384826660156,0.057451922446489334,0.14200444519519806,1.7205522060394287,1.748664140701294,0.067977175116539,-0.09608914703130722,1.0,1.0,0.0,0.0
313,1715473221.069588,1001600,10.0,0.03125,1.34375,0,275.6000061035156,0.048750001937150955,0.15416103601455688,-0.15241408348083496,-0.1133202314376831,0.0569036602973938,-0.09599751979112625,1.0,1.0,0.0,0.0
314,1715473245.6877892,1004800,14.0,0.0625,1.40625,0,261.9285888671875,0.09575893729925156,0.25518545508384705,2.5739731788635254,2.401402711868286,0.2684893012046814,-0.09591878950595856,1.0,1.0,0.0,0.0
315,1715473269.922366,1008000,10.0,0.03125,1.90625,0,268.0,0.07250000536441803,0.22926515340805054,-2.1173131465911865,-2.154848575592041,0.13273172080516815,-0.09519614279270172,1.0,1.0,0.0,0.0
