# _tick,_time,frames,total_episodes,episode_wins,interactions,visited_states,mean_episode_length,mean_episode_return,episode_return_std,total_loss,pg_loss,baseline_loss,entropy_loss,mean_rewards,mean_intrinsic_rewards,std_intrinsic_rewards,mean_total_rewards,mean_state_rewards,mean_change_rewards,state_counts,change_counts,state_counts_std,change_counts_std
0,1718143872.5638225,0,0.0,0.0,1.5625,0,nan,nan,nan,-0.3187938332557678,-0.22234699130058289,0.0008396912016905844,-0.09728653728961945,0.0,0.0002652369439601898,0.00040041212923824787,0.0002652369439601898,0.48037222027778625,0.3951273262500763,1.0,1.0,0.0,0.0
1,1718143882.1889918,3200,8.0,0.0,2.25,0,640.0,0.0,0.0,17.775117874145508,17.548500061035156,0.3238471746444702,-0.0972297415137291,0.0,0.00026484456611797214,0.00042295895400457084,0.00026484456611797214,0.49725818634033203,0.3763226866722107,1.0,1.0,0.0,0.0
2,1718143893.1833916,6400,0.0,0.0,0.90625,0,nan,nan,nan,-13.172906875610352,-13.234155654907227,0.15852674841880798,-0.09727764129638672,0.0,0.00018705855472944677,0.0003372304199729115,0.00018705855472944677,0.3979561924934387,0.3501936197280884,1.0,1.0,0.0,0.0
3,1718143904.0316565,9600,8.0,0.0,1.28125,0,640.0,0.0,0.0,12.914229393005371,12.836156845092773,0.17535290122032166,-0.09728070348501205,0.0,0.0002618224825710058,0.0004215468652546406,0.0002618224825710058,0.48841941356658936,0.38392677903175354,1.0,1.0,0.0,0.0
4,1718143916.7003758,12800,6.0,0.0,1.15625,0,640.0,0.0,0.0,-2.3519537448883057,-2.260254383087158,0.005568330176174641,-0.09726773202419281,0.0,0.00022031214029993862,0.0003913769032806158,0.00022031214029993862,0.45009320974349976,0.34644901752471924,1.0,1.0,0.0,0.0
5,1718143928.264425,16000,2.0,0.0,1.65625,0,640.0,0.0,0.0,-1.3617478609085083,-1.26645028591156,0.0019684352446347475,-0.09726595878601074,0.0,0.00023929176677484065,0.0003993040882050991,0.00023929176677484065,0.45222532749176025,0.3690905272960663,1.0,1.0,0.0,0.0
6,1718143939.4070888,19200,7.0,0.0,1.46875,0,640.0,0.0,0.0,-0.798171877861023,-0.7021370530128479,0.0012305208947509527,-0.09726537019014359,0.0,0.00021452372311614454,0.0003819033445324749,0.00021452372311614454,0.43689781427383423,0.34907180070877075,1.0,1.0,0.0,0.0
7,1718143950.4675746,22400,9.0,0.09375,0.8125,0,628.3333129882812,0.0638020858168602,0.095703125,-1.177916407585144,-1.0825530290603638,0.0019012130796909332,-0.09726467728614807,5.981445065117441e-05,0.00017544582078699023,0.00033761037047952414,0.00017544582078699023,0.3870072364807129,0.33553552627563477,1.0,1.0,0.0,0.0
8,1718143962.6546648,25600,2.0,0.0,0.6875,0,640.0,0.0,0.0,-0.3747987449169159,-0.2784905433654785,0.0009562138584442437,-0.09726440906524658,0.0,0.00018789707974065095,0.0003523826308082789,0.00018789707974065095,0.40164995193481445,0.34697145223617554,1.0,1.0,0.0,0.0
9,1718143975.4407022,28800,7.0,0.0,1.03125,0,640.0,0.0,0.0,-0.046990230679512024,0.04945880174636841,0.0008143479935824871,-0.0972633808851242,0.0,0.00020833918824791908,0.0003738432133104652,0.00020833918824791908,0.42095136642456055,0.3511449992656708,1.0,1.0,0.0,0.0
10,1718143986.915939,32000,6.0,0.0625,1.65625,0,630.0,0.06145833432674408,0.09521084278821945,0.11171401292085648,0.20820656418800354,0.0007710285135544837,-0.09726358205080032,5.7617187849245965e-05,0.00022205832647159696,0.000391860434319824,0.00022205832647159696,0.4450238347053528,0.34539809823036194,1.0,1.0,0.0,0.0
11,1718143999.9271064,35200,3.0,0.0,1.75,0,640.0,0.0,0.0,0.1400417536497116,0.23677873611450195,0.0005257370648905635,-0.09726272523403168,0.0,0.00023307120136450976,0.0004020874621346593,0.00023307120136450976,0.4670267403125763,0.35575446486473083,1.0,1.0,0.0,0.0
12,1718144012.2311082,38400,7.0,0.0,1.09375,0,640.0,0.0,0.0,-0.006736502051353455,0.08992055803537369,0.0006053028628230095,-0.09726236015558243,0.0,0.00022755410464014858,0.0003962365444749594,0.00022755410464014858,0.4598076641559601,0.33495649695396423,1.0,1.0,0.0,0.0
13,1718144024.7567449,41600,2.0,0.0,0.75,0,640.0,0.0,0.0,-0.12887446582317352,-0.032121650874614716,0.0005091514904052019,-0.09726196527481079,0.0,0.00022969994461163878,0.0003895835252478719,0.00022969994461163878,0.4733940064907074,0.3409022390842438,1.0,1.0,0.0,0.0
14,1718144037.3526542,44800,7.0,0.0,1.28125,0,640.0,0.0,0.0,-0.1789749264717102,-0.08219440281391144,0.0004800028691533953,-0.09726052731275558,0.0,0.00022340418945532292,0.0003921084280591458,0.00022340418945532292,0.4538206458091736,0.3437610864639282,1.0,1.0,0.0,0.0
15,1718144050.3451746,48000,7.0,0.0,1.0625,0,640.0,0.0,0.0,-0.4723561108112335,-0.37595540285110474,0.0008605831535533071,-0.09726127982139587,0.0,0.00021629227558150887,0.00037928801611997187,0.00021629227558150887,0.42977529764175415,0.35344627499580383,1.0,1.0,0.0,0.0
16,1718144064.409886,51200,2.0,0.0,0.90625,0,640.0,0.0,0.0,-0.11844505369663239,-0.021698933094739914,0.0005139922723174095,-0.09726011008024216,0.0,0.00020591569773387164,0.00036182673647999763,0.00020591569773387164,0.4156884253025055,0.3751241862773895,1.0,1.0,0.0,0.0
17,1718144078.049288,54400,6.0,0.0,1.1875,0,640.0,0.0,0.0,0.03345430642366409,0.13018551468849182,0.0005290150875225663,-0.09726022928953171,0.0,0.00021959318837616593,0.0003858637937810272,0.00021959318837616593,0.43986421823501587,0.3533039689064026,1.0,1.0,0.0,0.0
18,1718144091.1432233,57600,6.0,0.0,1.6875,0,640.0,0.0,0.0,0.06541886180639267,0.1620807647705078,0.0005978322587907314,-0.09725973755121231,0.0,0.00023814498854335397,0.0003969379758927971,0.00023814498854335397,0.47257354855537415,0.36093464493751526,1.0,1.0,0.0,0.0
19,1718144104.1799953,60800,3.0,0.0,0.59375,0,640.0,0.0,0.0,-0.38379937410354614,-0.28717511892318726,0.0006339413812384009,-0.09725819528102875,0.0,0.00017153426597360522,0.0003360942646395415,0.00017153426597360522,0.3788188397884369,0.32635268568992615,1.0,1.0,0.0,0.0
20,1718144118.458551,64000,6.0,0.0,1.28125,0,640.0,0.0,0.0,0.1272193044424057,0.2237609624862671,0.0007165973074734211,-0.09725825488567352,0.0,0.00021713714522775263,0.00038903506356291473,0.00021713714522775263,0.42858970165252686,0.3465060591697693,1.0,1.0,0.0,0.0
21,1718144131.9589546,67200,5.0,0.0,1.0625,0,640.0,0.0,0.0,-0.23845547437667847,-0.141741544008255,0.0005446439608931541,-0.09725857526063919,0.0,0.00017959927208721638,0.000349410402122885,0.00017959927208721638,0.3794812560081482,0.3465028405189514,1.0,1.0,0.0,0.0
22,1718144146.6775942,70400,5.0,0.0,1.5,0,640.0,0.0,0.0,0.1214224100112915,0.21813449263572693,0.0005460385582409799,-0.09725812077522278,0.0,0.00023634910758119076,0.0003990578115917742,0.00023634910758119076,0.46236568689346313,0.35756155848503113,1.0,1.0,0.0,0.0
23,1718144160.587473,73600,7.0,0.0625,0.5625,0,608.7142944335938,0.11656250804662704,0.1990683525800705,-0.6178370118141174,-0.5215769410133362,0.000995969632640481,-0.09725604951381683,0.00012749023153446615,0.00017812845180742443,0.00034800110734067857,0.00017812845180742443,0.4030487835407257,0.30633121728897095,1.0,1.0,0.0,0.0
24,1718144175.3230357,76800,5.0,0.0625,1.1875,0,537.2000122070312,0.19468750059604645,0.2665868401527405,-0.2385556399822235,-0.141753688454628,0.0004524012911133468,-0.09725435823202133,0.00015209960110951215,0.0001733618410071358,0.00034108306863345206,0.0001733618410071358,0.40236562490463257,0.30358803272247314,1.0,1.0,0.0,0.0
25,1718144189.0978732,80000,8.0,0.09375,1.96875,0,600.125,0.18251952528953552,0.25190088152885437,0.49497178196907043,0.591220498085022,0.0010061819339171052,-0.09725489467382431,0.0,0.00024600664619356394,0.00041426470852456987,0.00024600664619356394,0.4655223786830902,0.35447847843170166,1.0,1.0,0.0,0.0
26,1718144203.460024,83200,6.0,0.0,1.0625,0,640.0,0.0,0.0,-0.17984355986118317,-0.08303685486316681,0.00044698643614538014,-0.0972536951303482,0.0,0.00020827888511121273,0.000370696623576805,0.00020827888511121273,0.4321141839027405,0.34717002511024475,1.0,1.0,0.0,0.0
27,1718144218.2112203,86400,3.0,0.0,1.09375,0,640.0,0.0,0.0,0.3078118562698364,0.4042803645133972,0.0007840339676477015,-0.09725253283977509,0.0,0.0002709230175241828,0.0004280717403162271,0.0002709230175241828,0.4958932399749756,0.37883269786834717,1.0,1.0,0.0,0.0
28,1718144234.2638962,89600,10.0,0.09375,1.09375,0,493.70001220703125,0.2455781251192093,0.39541834592819214,-0.08727426826953888,0.00940541923046112,0.0005703947972506285,-0.0972500815987587,0.0002558105334173888,0.0002452885382808745,0.0003948671219404787,0.0002452885382808745,0.46020957827568054,0.3871519863605499,1.0,1.0,0.0,0.0
29,1718144248.0082588,92800,6.0,0.09375,0.84375,0,437.8333435058594,0.4092968702316284,0.4483622610569,-0.3679758906364441,-0.2713208496570587,0.0005926252342760563,-0.0972476527094841,0.0,0.0001887748367153108,0.00035575719084590673,0.0001887748367153108,0.4034343957901001,0.32077711820602417,1.0,1.0,0.0,0.0
30,1718144262.1778054,96000,6.0,0.03125,1.40625,0,640.0,0.13643229007720947,0.3341895043849945,0.09544067084789276,0.19221583008766174,0.00047183563583530486,-0.09724698960781097,0.0,0.00022531919239554554,0.00038216952816583216,0.00022531919239554554,0.45495688915252686,0.35611823201179504,1.0,1.0,0.0,0.0
31,1718144276.9460826,99200,7.0,0.0,1.375,0,640.0,0.0,0.0,-0.5870245099067688,-0.4905954897403717,0.0008164290920831263,-0.09724545478820801,0.0,0.0001955133193405345,0.0003603242221288383,0.0001955133193405345,0.42344602942466736,0.32832664251327515,1.0,1.0,0.0,0.0
32,1718144291.8792262,102400,2.0,0.0,1.03125,0,640.0,0.0,0.0,0.009749121963977814,0.10629052668809891,0.000703918922226876,-0.09724532067775726,0.0,0.00021606679365504533,0.0003751999174710363,0.00021606679365504533,0.42885902523994446,0.3558727502822876,1.0,1.0,0.0,0.0
33,1718144307.1784916,105600,6.0,0.0,0.6875,0,640.0,0.0,0.0,0.08987921476364136,0.18636773526668549,0.000755619490519166,-0.09724414348602295,0.0,0.00023015911574475467,0.00039273675065487623,0.00023015911574475467,0.44978228211402893,0.3526779115200043,1.0,1.0,0.0,0.0
34,1718144323.2078695,108800,5.0,0.0,0.5625,0,640.0,0.0,0.0,-0.10514406114816666,-0.008563242852687836,0.0006623209919780493,-0.09724313765764236,0.0,0.00020849313295911998,0.000373382237739861,0.00020849313295911998,0.42106717824935913,0.35355520248413086,1.0,1.0,0.0,0.0
35,1718144338.9790382,112000,4.0,0.0,1.625,0,640.0,0.0,0.0,0.3010028302669525,0.3975662589073181,0.0006784200668334961,-0.0972418487071991,0.0,0.0002714363799896091,0.0004203419666737318,0.0002714363799896091,0.4947553873062134,0.39101657271385193,1.0,1.0,0.0,0.0
36,1718144354.1445,115200,7.0,0.0,1.125,0,640.0,0.0,0.0,0.02379116415977478,0.12044377624988556,0.0005879745585843921,-0.09724058955907822,0.0,0.0002542358997743577,0.0004209882172290236,0.0002542358997743577,0.48864418268203735,0.3530169725418091,1.0,1.0,0.0,0.0
37,1718144370.2630394,118400,3.0,0.0,1.65625,0,640.0,0.0,0.0,-0.504018247127533,-0.4072551727294922,0.0004759416333399713,-0.09723901748657227,0.0,0.00019852194236591458,0.00035768229281529784,0.00019852194236591458,0.42626670002937317,0.3392667770385742,1.0,1.0,0.0,0.0
38,1718144384.2859194,121600,6.0,0.03125,1.6875,0,619.8333740234375,0.04502604529261589,0.11029083281755447,0.09338102489709854,0.18995116651058197,0.0006676546763628721,-0.09723780304193497,8.442383114015684e-05,0.00024691541329957545,0.0004119087243452668,0.00024691541329957545,0.47217845916748047,0.3647409975528717,1.0,1.0,0.0,0.0
39,1718144400.0503516,124800,8.0,0.03125,1.0625,0,640.0,0.03376953303813934,0.09551466256380081,-0.38818594813346863,-0.2919127345085144,0.0009626895771361887,-0.09723591804504395,0.0,0.00024224468506872654,0.0004006243252661079,0.00024224468506872654,0.4636404812335968,0.3682360053062439,1.0,1.0,0.0,0.0
40,1718144417.0942473,128000,2.0,0.0,1.375,0,640.0,0.0,0.0,-0.0897514820098877,0.006980281788855791,0.0005029827589169145,-0.09723474830389023,0.0,0.0002146223559975624,0.0003776827943511307,0.0002146223559975624,0.4562000632286072,0.3263447880744934,1.0,1.0,0.0,0.0
41,1718144434.1985824,131200,6.0,0.0,1.375,0,640.0,0.0,0.0,0.008768461644649506,0.10549730062484741,0.0005046270089223981,-0.09723346680402756,0.0,0.00022881917539052665,0.00038177514215931296,0.00022881917539052665,0.44864508509635925,0.36970657110214233,1.0,1.0,0.0,0.0
42,1718144449.8729014,134400,8.0,0.125,1.125,0,603.5,0.15265624225139618,0.1881062388420105,-0.05008501932024956,0.04659873992204666,0.0005488492315635085,-0.09723260998725891,0.00019082029757555574,0.00022216097568161786,0.0003805970191024244,0.00022216097568161786,0.43788325786590576,0.3695286512374878,1.0,1.0,0.0,0.0
43,1718144467.3005338,137600,3.0,0.0,0.65625,0,640.0,0.0,0.0,-0.04665795713663101,0.05000249296426773,0.0005703638307750225,-0.09723081439733505,0.0,0.00021632103016600013,0.0003708335862029344,0.00021632103016600013,0.4377956986427307,0.3462989628314972,1.0,1.0,0.0,0.0
44,1718144482.8115911,140800,8.0,0.0625,1.09375,0,635.25,0.038359373807907104,0.07102775573730469,0.0965377539396286,0.19319182634353638,0.0005765362875536084,-0.09723061323165894,4.794921551365405e-05,0.0002502248389646411,0.0004088721179869026,0.0002502248389646411,0.4765078127384186,0.37561488151550293,1.0,1.0,0.0,0.0
45,1718144500.6140141,144000,4.0,0.0,0.90625,0,640.0,0.0,0.0,-0.5330661535263062,-0.4363870918750763,0.0005504050641320646,-0.09722945094108582,0.0,0.00018955736595671624,0.0003440523287281394,0.00018955736595671624,0.40299713611602783,0.34308913350105286,1.0,1.0,0.0,0.0
46,1718144516.652181,147200,4.0,0.0,1.09375,0,640.0,0.0,0.0,-0.08356796950101852,0.013175725005567074,0.0004850557306781411,-0.0972287505865097,0.0,0.0002157770359190181,0.0003720338281709701,0.0002157770359190181,0.4276929497718811,0.3692706227302551,1.0,1.0,0.0,0.0
47,1718144533.5685043,150400,8.0,0.0,0.84375,0,640.0,0.0,0.0,-0.4200678765773773,-0.32383275032043457,0.0009928204817697406,-0.09722796827554703,0.0,0.0002035074430750683,0.0003753295459318906,0.0002035074430750683,0.40467268228530884,0.3450987637042999,1.0,1.0,0.0,0.0
48,1718144548.636228,153600,2.0,0.0,0.65625,0,640.0,0.0,0.0,-0.07967853546142578,0.01702391728758812,0.0005228797090239823,-0.09722533077001572,0.0,0.000187765370355919,0.0003500627644825727,0.000187765370355919,0.3974932134151459,0.3372218608856201,1.0,1.0,0.0,0.0
49,1718144564.1288624,156800,6.0,0.0,1.25,0,640.0,0.0,0.0,0.006127946078777313,0.10272470116615295,0.0006281229434534907,-0.0972248762845993,0.0,0.00020561307610478252,0.00037658802466467023,0.00020561307610478252,0.4177926480770111,0.3400336503982544,1.0,1.0,0.0,0.0
50,1718144579.4448664,160000,6.0,0.0,0.78125,0,640.0,0.0,0.0,-0.058046650141477585,0.03866610676050186,0.0005112923099659383,-0.09722404927015305,0.0,0.00018080923473462462,0.0003485178458504379,0.00018080923473462462,0.406173974275589,0.3147306740283966,1.0,1.0,0.0,0.0
51,1718144594.7925897,163200,4.0,0.0,1.6875,0,640.0,0.0,0.0,0.1682153046131134,0.2648959159851074,0.0005409745499491692,-0.09722157567739487,0.0,0.00023443515237886459,0.00040155992610380054,0.00023443515237886459,0.47050008177757263,0.3489567041397095,1.0,1.0,0.0,0.0
52,1718144611.1432831,166400,5.0,0.0,1.3125,0,640.0,0.0,0.0,-0.06991327553987503,0.02677948959171772,0.0005280860350467265,-0.09722085297107697,0.0,0.00021638337057083845,0.00038625928573310375,0.00021638337057083845,0.45782583951950073,0.3292020261287689,1.0,1.0,0.0,0.0
53,1718144627.1634037,169600,6.0,0.03125,1.4375,0,608.3333740234375,0.0611979179084301,0.14990366995334625,-0.05251305177807808,0.04419006407260895,0.0005164414760656655,-0.0972195565700531,0.0001147460934589617,0.00021708544227294624,0.00038022606167942286,0.00021708544227294624,0.44098541140556335,0.34972885251045227,1.0,1.0,0.0,0.0
54,1718144642.961682,172800,6.0,0.0625,1.125,0,619.5,0.1223958358168602,0.18961480259895325,-0.08860184997320175,0.008008211851119995,0.0006073174881748855,-0.0972173810005188,0.0,0.00022791308583691716,0.00038751401007175446,0.00022791308583691716,0.46149325370788574,0.33753031492233276,1.0,1.0,0.0,0.0
55,1718144657.7798853,176000,7.0,0.0,1.5,0,640.0,0.0,0.0,-0.28284770250320435,-0.18629491329193115,0.0006623557419516146,-0.09721513837575912,0.0,0.0002165564219467342,0.00037048867670819163,0.0002165564219467342,0.4306509792804718,0.3577336072921753,1.0,1.0,0.0,0.0
56,1718144673.5983129,179200,5.0,0.09375,1.40625,0,511.3999938964844,0.29878124594688416,0.2727487087249756,0.30737507343292236,0.40374553203582764,0.000841376488097012,-0.09721183031797409,0.00015561524196527898,0.000256814033491537,0.0004147761792410165,0.000256814033491537,0.475797563791275,0.3696284890174866,1.0,1.0,0.0,0.0
57,1718144688.394899,182400,6.0,0.03125,0.9375,0,640.0,0.08299479633569717,0.20329488813877106,-0.1346522867679596,-0.03809979185461998,0.000655907264444977,-0.0972084105014801,0.0,0.0002447601582389325,0.0003979864704888314,0.0002447601582389325,0.48130980134010315,0.36570292711257935,1.0,1.0,0.0,0.0
58,1718144703.7964365,185600,5.0,0.0,1.4375,0,640.0,0.0,0.0,-0.27525272965431213,-0.17854860424995422,0.0005009759915992618,-0.09720509499311447,0.0,0.00020639176364056766,0.0003614513261709362,0.00020639176364056766,0.4360496401786804,0.3350847065448761,1.0,1.0,0.0,0.0
59,1718144717.8459575,188800,6.0,0.03125,1.34375,0,635.0,0.02369791828095913,0.058047808706760406,-0.14795029163360596,-0.05116581171751022,0.0004187729209661484,-0.09720325469970703,4.4433592847781256e-05,0.0002090585621772334,0.00035761320032179356,0.0002090585621772334,0.4212379455566406,0.36468687653541565,1.0,1.0,0.0,0.0
60,1718144733.5519423,192000,4.0,0.03125,0.90625,0,640.0,0.03554687649011612,0.07109375298023224,-0.1583399623632431,-0.06170409917831421,0.0005649881204590201,-0.09720084816217422,0.0,0.00020173493248876184,0.0003717929357662797,0.00020173493248876184,0.41985034942626953,0.3325141966342926,1.0,1.0,0.0,0.0
61,1718144749.1292498,195200,5.0,0.0,1.25,0,640.0,0.0,0.0,0.15943631529808044,0.25592687726020813,0.0007107603014446795,-0.09720131009817123,0.0,0.00025957051548175514,0.00042482337448745966,0.00025957051548175514,0.4602273106575012,0.38761669397354126,1.0,1.0,0.0,0.0
62,1718144765.5355096,198400,7.0,0.0,0.71875,0,640.0,0.0,0.0,-0.1977587342262268,-0.10124970972537994,0.0006888855714350939,-0.09719790518283844,0.0,0.0002216340508311987,0.00039180481689982116,0.0002216340508311987,0.4377308487892151,0.35904955863952637,1.0,1.0,0.0,0.0
63,1718144780.5233676,201600,5.0,0.0,1.0625,0,640.0,0.0,0.0,-0.3315930962562561,-0.23517462611198425,0.0007760949083603919,-0.09719455242156982,0.0,0.00021056171681266278,0.0003755773650482297,0.00021056171681266278,0.4256582260131836,0.33792784810066223,1.0,1.0,0.0,0.0
64,1718144794.0852988,204800,5.0,0.0625,1.28125,0,639.6000366210938,0.04112499952316284,0.05631272494792938,-0.008802525699138641,0.0878337174654007,0.0005595179973170161,-0.09719575941562653,3.212890442227945e-05,0.00022357158013619483,0.0003947711957152933,0.00022357158013619483,0.44918549060821533,0.341581791639328,1.0,1.0,0.0,0.0
65,1718144810.4071429,208000,7.0,0.0,0.71875,0,640.0,0.0,0.0,-0.02719709277153015,0.06932248920202255,0.0006750302854925394,-0.0971946120262146,0.0,0.0002115611277986318,0.00038091669557616115,0.0002115611277986318,0.4240783154964447,0.34534117579460144,1.0,1.0,0.0,0.0
66,1718144824.1454027,211200,2.0,0.0,1.4375,0,640.0,0.0,0.0,0.047534599900245667,0.1441209614276886,0.0006061560125090182,-0.09719251096248627,0.0,0.00022764607274439186,0.00039804656989872456,0.00022764607274439186,0.4605269432067871,0.34954550862312317,1.0,1.0,0.0,0.0
67,1718144838.9531815,214400,6.0,0.0,1.25,0,640.0,0.0,0.0,-0.0533355176448822,0.043243397027254105,0.0006120395846664906,-0.09719095379114151,0.0,0.00023261479509528726,0.00039114028913900256,0.00023261479509528726,0.45433786511421204,0.36166441440582275,1.0,1.0,0.0,0.0
68,1718144855.1444783,217600,5.0,0.0,1.40625,0,640.0,0.0,0.0,-0.29925206303596497,-0.2025488168001175,0.00048581589362584054,-0.09718907624483109,0.0,0.00020386285905260593,0.0003675296320579946,0.00020386285905260593,0.41092345118522644,0.3556728959083557,1.0,1.0,0.0,0.0
69,1718144870.1362631,220800,5.0,0.03125,1.40625,0,532.7999877929688,0.17075000703334808,0.3818086087703705,0.10771895200014114,0.20425724983215332,0.0006468568462878466,-0.0971851572394371,0.0002667968801688403,0.00023025675909593701,0.00040143734076991677,0.00023025675909593701,0.4469119906425476,0.35077720880508423,1.0,1.0,0.0,0.0
70,1718144885.8210216,224000,7.0,0.03125,0.53125,0,640.0,0.12196429073810577,0.32268717885017395,-0.2517760694026947,-0.15518029034137726,0.0005854449700564146,-0.09718122333288193,0.0,0.00021609372925013304,0.0003825828025583178,0.00021609372925013304,0.4347747564315796,0.3460044860839844,1.0,1.0,0.0,0.0
71,1718144900.4834924,227200,6.0,0.0,1.5625,0,640.0,0.0,0.0,-0.19317372143268585,-0.09695005416870117,0.0009555543074384332,-0.09717921912670135,0.0,0.00022022340272087604,0.000375559990061447,0.00022022340272087604,0.43119657039642334,0.3614630103111267,1.0,1.0,0.0,0.0
72,1718144915.1445827,230400,2.0,0.0,1.5625,0,640.0,0.0,0.0,0.016053050756454468,0.11262482404708862,0.0006053681718185544,-0.09717714041471481,0.0,0.00022339278075378388,0.0003916658170055598,0.00022339278075378388,0.45034879446029663,0.35205376148223877,1.0,1.0,0.0,0.0
73,1718144929.1152809,233600,7.0,0.0,0.96875,0,640.0,0.0,0.0,0.08552180975675583,0.18204118311405182,0.0006574721774086356,-0.09717684239149094,0.0,0.0002511717320885509,0.000408848311053589,0.0002511717320885509,0.46985334157943726,0.3810226619243622,1.0,1.0,0.0,0.0
74,1718144944.7441914,236800,4.0,0.03125,1.40625,0,598.25,0.0837109386920929,0.1674218773841858,-0.21419307589530945,-0.11754579097032547,0.0005245297797955573,-0.09717180579900742,0.00010463866783538833,0.00023268070071935654,0.00039020992699079216,0.00023268070071935654,0.45829835534095764,0.36542654037475586,1.0,1.0,0.0,0.0
75,1718144959.7565749,240000,7.0,0.0625,1.65625,0,564.2857666015625,0.16859374940395355,0.323446661233902,-0.03456033021211624,0.06214693933725357,0.0004608251911122352,-0.09716809540987015,0.00026416013133712113,0.0002267309173475951,0.00038481387309730053,0.0002267309173475951,0.4688354432582855,0.34338217973709106,1.0,1.0,0.0,0.0
76,1718144976.3389304,243200,7.0,0.03125,1.25,0,640.0,0.12075892835855484,0.31949809193611145,-0.3494166433811188,-0.2529032826423645,0.0006501127500087023,-0.09716346859931946,0.0,0.0001906974212033674,0.0003574765578377992,0.0001906974212033674,0.40466076135635376,0.32579177618026733,1.0,1.0,0.0,0.0
77,1718144990.757512,246400,1.0,0.0,0.875,0,640.0,0.0,nan,-0.005509860813617706,0.09110227227210999,0.0005510139744728804,-0.09716314822435379,0.0,0.0002146278857253492,0.000380416342522949,0.0002146278857253492,0.4320492148399353,0.3454268276691437,1.0,1.0,0.0,0.0
78,1718145007.3173923,249600,8.0,0.0,1.4375,0,640.0,0.0,0.0,0.26733270287513733,0.36378106474876404,0.0007132312166504562,-0.09716158360242844,0.0,0.00026537603116594255,0.0004147911095060408,0.00026537603116594255,0.4798177182674408,0.38779333233833313,1.0,1.0,0.0,0.0
79,1718145022.26772,252800,5.0,0.0,1.3125,0,640.0,0.0,0.0,-0.3968203067779541,-0.3004288077354431,0.0007672252249903977,-0.09715873003005981,0.0,0.00023799191694706678,0.00038562368717975914,0.00023799191694706678,0.46856391429901123,0.37922781705856323,1.0,1.0,0.0,0.0
80,1718145038.0229144,256000,3.0,0.0,1.5625,0,640.0,0.0,0.0,0.1247255876660347,0.22102698683738708,0.000852621509693563,-0.09715401381254196,0.0,0.00025108049158006907,0.00040672742761671543,0.00025108049158006907,0.4532884955406189,0.3940778970718384,1.0,1.0,0.0,0.0
81,1718145053.566475,259200,7.0,0.0,1.90625,0,640.0,0.0,0.0,-0.19302472472190857,-0.09634457528591156,0.0004689947818405926,-0.09714914113283157,0.0,0.00023526685254182667,0.00039079200359992683,0.00023526685254182667,0.46033355593681335,0.3728201985359192,1.0,1.0,0.0,0.0
82,1718145068.0497463,262400,4.0,0.0,0.90625,0,640.0,0.0,0.0,-0.17621037364006042,-0.07954961806535721,0.00048634421546012163,-0.09714709222316742,0.0,0.00021663750521838665,0.0003834196540992707,0.00021663750521838665,0.43824008107185364,0.3438725471496582,1.0,1.0,0.0,0.0
83,1718145085.1290524,265600,5.0,0.03125,1.03125,0,562.2000122070312,0.12940625846385956,0.2893611788749695,-0.026992931962013245,0.06957420706748962,0.0005765373352915049,-0.09714367985725403,0.00020219726138748229,0.00022475178411696106,0.00039710960118100047,0.00022475178411696106,0.42723989486694336,0.3548695147037506,1.0,1.0,0.0,0.0
84,1718145100.5605836,268800,10.0,0.125,1.125,0,598.7000122070312,0.2588125169277191,0.33412548899650574,0.07708369940519333,0.17362886667251587,0.0005968784680590034,-0.0971420481801033,0.0,0.00025268644094467163,0.00041346618672832847,0.00025268644094467163,0.47093209624290466,0.37348419427871704,1.0,1.0,0.0,0.0
85,1718145115.3932886,272000,4.0,0.0625,1.09375,0,549.75,0.2004687488079071,0.2314813733100891,-0.07095248997211456,0.025484871119260788,0.0006977085722610354,-0.09713506698608398,0.0001252929650945589,0.00022707328025717288,0.0003842450096271932,0.00022707328025717288,0.4425978660583496,0.36567068099975586,1.0,1.0,0.0,0.0
86,1718145130.5344422,275200,8.0,0.03125,1.15625,0,640.0,0.050117187201976776,0.14175280928611755,-0.18078163266181946,-0.08417008817195892,0.0005160525906831026,-0.09712759405374527,0.0,0.00024223311629612,0.00040409585926681757,0.00024223311629612,0.45948585867881775,0.3651562035083771,1.0,1.0,0.0,0.0
87,1718145146.3026009,278400,8.0,0.125,0.28125,0,569.625,0.31578123569488525,0.33758434653282166,-0.6925562024116516,-0.5964757800102234,0.0010436908341944218,-0.0971241220831871,0.0001973632606677711,0.0001953454629983753,0.00036084165913052857,0.0001953454629983753,0.4106009602546692,0.33609136939048767,1.0,1.0,0.0,0.0
88,1718145161.4649253,281600,3.0,0.0,1.75,0,640.0,0.0,0.0,0.3635617792606354,0.4598824977874756,0.0008016808424144983,-0.09712240099906921,0.0,0.00024516283883713186,0.0004034257144667208,0.00024516283883713186,0.4659020006656647,0.363682359457016,1.0,1.0,0.0,0.0
89,1718145176.6278317,284800,7.0,0.0,1.125,0,640.0,0.0,0.0,-0.10011658817529678,-0.0035739699378609657,0.0005772568983957171,-0.09711987525224686,0.0,0.00023360039631370455,0.00039367598947137594,0.00023360039631370455,0.44968122243881226,0.3650214374065399,1.0,1.0,0.0,0.0
90,1718145191.3622591,288000,4.0,0.0,1.34375,0,640.0,0.0,0.0,-0.001060284674167633,0.09533384442329407,0.0007190410397015512,-0.09711316972970963,0.0,0.00022883118072059005,0.00038819186738692224,0.00022883118072059005,0.4497087895870209,0.3461369574069977,1.0,1.0,0.0,0.0
91,1718145206.128537,291200,4.0,0.0,1.0,0,640.0,0.0,0.0,-0.11435490846633911,-0.01790320686995983,0.0006581117049790919,-0.09710980951786041,0.0,0.0002354094758629799,0.0003928154765162617,0.0002354094758629799,0.4629340171813965,0.3496605157852173,1.0,1.0,0.0,0.0
92,1718145221.0697541,294400,6.0,0.0,1.15625,0,640.0,0.0,0.0,0.23713073134422302,0.33353471755981445,0.0006992527050897479,-0.09710323810577393,0.0,0.00028028571978211403,0.0004307998460717499,0.00028028571978211403,0.5025758743286133,0.380965918302536,1.0,1.0,0.0,0.0
93,1718145235.9262211,297600,6.0,0.03125,1.40625,0,590.8333740234375,0.08580729365348816,0.21018408238887787,0.14665824174880981,0.2430347353219986,0.0007226213929243386,-0.09709911048412323,0.00016088866686914116,0.0002988404594361782,0.0004401594342198223,0.0002988404594361782,0.534866452217102,0.39143848419189453,1.0,1.0,0.0,0.0
94,1718145250.6561363,300800,7.0,0.09375,0.625,0,630.0,0.22064734995365143,0.27519556879997253,-0.6591991186141968,-0.5629599094390869,0.0008471163455396891,-0.0970863401889801,0.0,0.00021021958673372865,0.0003707566938828677,0.00021021958673372865,0.4219227433204651,0.34599584341049194,1.0,1.0,0.0,0.0
95,1718145265.4384537,304000,7.0,0.0,1.5625,0,640.0,0.0,0.0,-0.2319055199623108,-0.13574226200580597,0.0009212634759023786,-0.09708451479673386,0.0,0.00025009395903907716,0.0004111774906050414,0.00025009395903907716,0.4713982343673706,0.36242055892944336,1.0,1.0,0.0,0.0
96,1718145279.6239753,307200,2.0,0.0,1.1875,0,640.0,0.0,0.0,0.12447982281446457,0.22089633345603943,0.0006675826152786613,-0.09708409756422043,0.0,0.00025050187832675874,0.0003988048993051052,0.00025050187832675874,0.4639958143234253,0.3905821144580841,1.0,1.0,0.0,0.0
97,1718145294.1863194,310400,7.0,0.0,0.59375,0,640.0,0.0,0.0,-0.31774061918258667,-0.221383735537529,0.0007225121953524649,-0.09707938134670258,0.0,0.00021860934793949127,0.00036935319076292217,0.00021860934793949127,0.42300400137901306,0.37766405940055847,1.0,1.0,0.0,0.0
98,1718145309.5365446,313600,4.0,0.0,1.125,0,640.0,0.0,0.0,-0.1168549656867981,-0.02034163475036621,0.0005595197435468435,-0.09707285463809967,0.0,0.00020496580691542476,0.0003703555266838521,0.00020496580691542476,0.42061904072761536,0.33934080600738525,1.0,1.0,0.0,0.0
99,1718145325.4211042,316800,5.0,0.0,1.25,0,640.0,0.0,0.0,-0.13976386189460754,-0.0431719608604908,0.0004757056594826281,-0.09706760942935944,0.0,0.00019605799752753228,0.00036133910180069506,0.00019605799752753228,0.4162013828754425,0.34181341528892517,1.0,1.0,0.0,0.0
100,1718145340.546872,320000,4.0,0.0,1.375,0,640.0,0.0,0.0,0.14727424085140228,0.2436515837907791,0.0006858522538095713,-0.09706319868564606,0.0,0.00023557113308925182,0.0003992571437265724,0.00023557113308925182,0.44595572352409363,0.37026259303092957,1.0,1.0,0.0,0.0
101,1718145356.3620024,323200,6.0,0.0,1.0,0,640.0,0.0,0.0,-0.37148547172546387,-0.2748998701572418,0.00047398224705830216,-0.09705957770347595,0.0,0.00020351583953015506,0.0003679829533211887,0.00020351583953015506,0.427278995513916,0.33852460980415344,1.0,1.0,0.0,0.0
102,1718145372.3502216,326400,7.0,0.0,1.71875,0,640.0,0.0,0.0,0.07455229014158249,0.17111831903457642,0.0004926598630845547,-0.09705869108438492,0.0,0.00021389230096247047,0.0003694097977131605,0.00021389230096247047,0.4373175799846649,0.35515567660331726,1.0,1.0,0.0,0.0
103,1718145386.9071634,329600,3.0,0.0,1.59375,0,640.0,0.0,0.0,-0.3490447998046875,-0.25254616141319275,0.00055811827769503,-0.09705675393342972,0.0,0.00018021311552729458,0.00034141226205974817,0.00018021311552729458,0.40087541937828064,0.328166127204895,1.0,1.0,0.0,0.0
104,1718145401.389441,332800,5.0,0.0,1.125,0,640.0,0.0,0.0,0.09011491388082504,0.18635430932044983,0.0008143721497617662,-0.09705377370119095,0.0,0.00021952117094770074,0.0003873048408422619,0.00021952117094770074,0.4276036322116852,0.3490808308124542,1.0,1.0,0.0,0.0
105,1718145415.778343,336000,4.0,0.0,0.65625,0,640.0,0.0,0.0,-0.16136717796325684,-0.06511114537715912,0.000795552390627563,-0.09705157577991486,0.0,0.00020766119996551424,0.00036418731906451285,0.00020766119996551424,0.40496230125427246,0.36475852131843567,1.0,1.0,0.0,0.0
106,1718145430.7421367,339200,6.0,0.0,1.875,0,640.0,0.0,0.0,0.3436117172241211,0.44001269340515137,0.0006482304306700826,-0.09704921394586563,0.0,0.0002572924131527543,0.00041341703035868704,0.0002572924131527543,0.4656907618045807,0.3977467119693756,1.0,1.0,0.0,0.0
107,1718145445.2771988,342400,6.0,0.0,1.4375,0,640.0,0.0,0.0,-0.2046528160572052,-0.10818376392126083,0.0005737829487770796,-0.09704283624887466,0.0,0.00023806709214113653,0.00038714008405804634,0.00023806709214113653,0.4394038915634155,0.39850229024887085,1.0,1.0,0.0,0.0
108,1718145459.4354901,345600,3.0,0.0,1.75,0,640.0,0.0,0.0,-0.1562124639749527,-0.05996181070804596,0.0007818069425411522,-0.09703245759010315,0.0,0.00022600896772928536,0.00038318478618748486,0.00022600896772928536,0.4237874448299408,0.37561163306236267,1.0,1.0,0.0,0.0
109,1718145474.2291577,348800,6.0,0.0,0.875,0,640.0,0.0,0.0,-0.053404293954372406,0.04303831607103348,0.0005851531168445945,-0.09702776372432709,0.0,0.00024582084733992815,0.00041329453233629465,0.00024582084733992815,0.46319669485092163,0.3685571551322937,1.0,1.0,0.0,0.0
110,1718145487.798555,352000,8.0,0.09375,1.03125,0,628.125,0.0812695324420929,0.11216260492801666,-0.16302457451820374,-0.06666238605976105,0.0006571852136403322,-0.09701938182115555,6.772460619686171e-05,0.00025725364685058594,0.00040723098209127784,0.00025725364685058594,0.4666799008846283,0.39299243688583374,1.0,1.0,0.0,0.0
111,1718145502.166602,355200,4.0,0.0,2.0,0,640.0,0.0,0.0,-0.10372648388147354,-0.007153368555009365,0.00044157932279631495,-0.09701469540596008,0.0,0.0002542374131735414,0.0004131702589802444,0.0002542374131735414,0.48356810212135315,0.3665125072002411,1.0,1.0,0.0,0.0
112,1718145515.8160782,358400,6.0,0.03125,1.0,0,605.0,0.06588541716337204,0.1613856554031372,-0.2357996702194214,-0.1394498348236084,0.0006628829287365079,-0.0970127135515213,0.0001235351519426331,0.00023477058857679367,0.00039495056262239814,0.00023477058857679367,0.45627662539482117,0.36931517720222473,1.0,1.0,0.0,0.0
113,1718145530.564634,361600,6.0,0.03125,1.84375,0,640.0,0.06588541716337204,0.1613856554031372,0.09589511156082153,0.19222110509872437,0.0006793197244405746,-0.09700530767440796,0.0,0.00022702627757098526,0.00038640692946501076,0.00022702627757098526,0.4567297697067261,0.34522321820259094,1.0,1.0,0.0,0.0
114,1718145544.8607557,364800,4.0,0.0,0.625,0,640.0,0.0,0.0,0.11956454068422318,0.21602052450180054,0.0005422974936664104,-0.09699828177690506,0.0,0.000265299720922485,0.0004167543083894998,0.000265299720922485,0.4831409752368927,0.37836509943008423,1.0,1.0,0.0,0.0
115,1718145559.8509579,368000,7.0,0.0625,0.40625,0,520.5714721679688,0.208973228931427,0.3568897247314453,-0.36221960186958313,-0.2658478319644928,0.0006175482412800193,-0.09698929637670517,0.00022856445866636932,0.00021862222638446838,0.0003758379025384784,0.00021862222638446838,0.4472779631614685,0.343344122171402,1.0,1.0,0.0,0.0
116,1718145576.5069358,371200,9.0,0.15625,0.8125,0,568.7777709960938,0.34008684754371643,0.3426731824874878,0.0008818954229354858,0.09727378189563751,0.0005936643574386835,-0.09698554873466492,0.00013540039071813226,0.00025558279594406486,0.00040451466338708997,0.00025558279594406486,0.4932769536972046,0.3673548400402069,1.0,1.0,0.0,0.0
117,1718145590.957023,374400,4.0,0.03125,1.5625,0,640.0,0.10832031071186066,0.2166406214237213,-0.10849955677986145,-0.012035612016916275,0.0005109247285872698,-0.09697487205266953,0.0,0.00024341353855561465,0.0003931299434043467,0.00024341353855561465,0.46139517426490784,0.3742479681968689,1.0,1.0,0.0,0.0
118,1718145606.2521799,377600,7.0,0.0,1.0625,0,640.0,0.0,0.0,0.04558631032705307,0.1415925920009613,0.0009654888999648392,-0.0969717726111412,0.0,0.0002697228919714689,0.00043406689655967057,0.0002697228919714689,0.4813154637813568,0.376165509223938,1.0,1.0,0.0,0.0
119,1718145621.0010812,380800,6.0,0.0,0.8125,0,640.0,0.0,0.0,-0.4491114020347595,-0.3530442714691162,0.0008956864476203918,-0.0969628244638443,0.0,0.0002565201430115849,0.000409043044783175,0.0002565201430115849,0.4768216609954834,0.38150084018707275,1.0,1.0,0.0,0.0
120,1718145636.149879,384000,2.0,0.0,1.1875,0,640.0,0.0,0.0,0.1557336449623108,0.25215715169906616,0.000533251732122153,-0.096956767141819,0.0,0.0002462211705278605,0.0004025954694952816,0.0002462211705278605,0.47173771262168884,0.36332133412361145,1.0,1.0,0.0,0.0
121,1718145650.550349,387200,7.0,0.0,1.21875,0,640.0,0.0,0.0,0.11941119283437729,0.21566882729530334,0.0007014464354142547,-0.09695907682180405,0.0,0.0002868893789127469,0.00043537936289794743,0.0002868893789127469,0.5085062384605408,0.3909677565097809,1.0,1.0,0.0,0.0
122,1718145665.2747798,390400,4.0,0.0,1.0625,0,640.0,0.0,0.0,-0.5304702520370483,-0.43421295285224915,0.000695560360327363,-0.096952885389328,0.0,0.00021692748123314232,0.0003705137933138758,0.00021692748123314232,0.4136420488357544,0.3774656653404236,1.0,1.0,0.0,0.0
123,1718145680.4177697,393600,5.0,0.0,1.4375,0,640.0,0.0,0.0,0.1930982619524002,0.28950512409210205,0.0005450277822092175,-0.09695188701152802,0.0,0.00022874413116369396,0.0003935373679269105,0.00022874413116369396,0.4482816457748413,0.35494372248649597,1.0,1.0,0.0,0.0
124,1718145695.6565046,396800,6.0,0.0,1.40625,0,640.0,0.0,0.0,-0.1422567218542099,-0.045779261738061905,0.00047601028927601874,-0.09695346653461456,0.0,0.00024538850993849337,0.00039871418266557157,0.00024538850993849337,0.46895086765289307,0.38086503744125366,1.0,1.0,0.0,0.0
125,1718145711.912256,400000,4.0,0.0,1.375,0,640.0,0.0,0.0,0.04344409704208374,0.13994118571281433,0.0004495898901950568,-0.09694667160511017,0.0,0.00026078399969264865,0.000411273940699175,0.00026078399969264865,0.4887559115886688,0.37999647855758667,1.0,1.0,0.0,0.0
126,1718145726.9452987,403200,5.0,0.0,1.4375,0,640.0,0.0,0.0,-0.32910123467445374,-0.23290392756462097,0.000745178374927491,-0.0969424918293953,0.0,0.0002377066557528451,0.0003891983942594379,0.0002377066557528451,0.47615310549736023,0.3524990379810333,1.0,1.0,0.0,0.0
127,1718145742.64115,406400,8.0,0.0625,1.0625,0,563.25,0.13855469226837158,0.25655344128608704,-0.21066391468048096,-0.1145436093211174,0.0008049548487178981,-0.0969252660870552,0.00017319335893262178,0.0002277724997838959,0.00038068328285589814,0.0002277724997838959,0.4408656656742096,0.3667922019958496,1.0,1.0,0.0,0.0
128,1718145757.6389196,409600,4.0,0.03125,1.21875,0,640.0,0.13855469226837158,0.27710938453674316,0.08056201040744781,0.17674821615219116,0.000731138454284519,-0.09691734611988068,0.0,0.0002597234561108053,0.00040744419675320387,0.0002597234561108053,0.481635719537735,0.38347557187080383,1.0,1.0,0.0,0.0
129,1718145771.8504236,412800,5.0,0.0,1.5,0,640.0,0.0,0.0,0.06391961872577667,0.1599591076374054,0.0008587724296376109,-0.09689825773239136,0.0,0.0002694189897738397,0.0004175372887402773,0.0002694189897738397,0.48723044991493225,0.39296865463256836,1.0,1.0,0.0,0.0
130,1718145787.6435394,416000,7.0,0.125,0.96875,0,542.0,0.2733035981655121,0.2556520700454712,0.027956247329711914,0.124330073595047,0.0005150947254151106,-0.09688892215490341,0.00014946289593353868,0.00027617759769782424,0.0004244073643349111,0.00027617759769782424,0.49415433406829834,0.39495962858200073,1.0,1.0,0.0,0.0
131,1718145802.6870453,419200,6.0,0.0,1.15625,0,640.0,0.0,0.0,-0.18841242790222168,-0.09192562103271484,0.00039428213494829834,-0.09688109904527664,0.0,0.0002620667510200292,0.00041552717448212206,0.0002620667510200292,0.491920530796051,0.38065558671951294,1.0,1.0,0.0,0.0
132,1718145817.7171059,422400,6.0,0.0,1.5625,0,640.0,0.0,0.0,-0.376852810382843,-0.28069591522216797,0.0007202608976513147,-0.09687715023756027,0.0,0.0002412543835816905,0.0003944280033465475,0.0002412543835816905,0.4601873755455017,0.3670022487640381,1.0,1.0,0.0,0.0
133,1718145832.9133406,425600,3.0,0.0,1.125,0,640.0,0.0,0.0,0.08523845672607422,0.18162062764167786,0.0004776930436491966,-0.09685985743999481,0.0,0.0002516789536457509,0.0004045646346639842,0.0002516789536457509,0.4678303897380829,0.3836767077445984,1.0,1.0,0.0,0.0
134,1718145847.4982479,428800,8.0,0.0625,0.90625,0,623.625,0.07105468958616257,0.13156773149967194,-0.2935565114021301,-0.19730617105960846,0.0005993223749101162,-0.09684967249631882,8.881835674401373e-05,0.00024378130910918117,0.00040474915294907987,0.00024378130910918117,0.4723331034183502,0.3642999827861786,1.0,1.0,0.0,0.0
135,1718145862.5018501,432000,5.0,0.0,1.0625,0,640.0,0.0,0.0,-0.42727938294410706,-0.33117300271987915,0.000741709431167692,-0.09684810042381287,0.0,0.0001886226236820221,0.0003499347949400544,0.0001886226236820221,0.3943670988082886,0.3354014456272125,1.0,1.0,0.0,0.0
136,1718145878.0217185,435200,4.0,0.0,0.90625,0,640.0,0.0,0.0,0.03397510200738907,0.13032561540603638,0.0004979549557901919,-0.09684846550226212,0.0,0.0001869766419986263,0.000348463945556432,0.0001869766419986263,0.4000014364719391,0.331828236579895,1.0,1.0,0.0,0.0
137,1718145892.64862,438400,6.0,0.0,1.78125,0,640.0,0.0,0.0,0.15414130687713623,0.2503979206085205,0.0005809381837025285,-0.09683755785226822,0.0,0.00022436515428125858,0.0003857756673824042,0.00022436515428125858,0.45988768339157104,0.3406463861465454,1.0,1.0,0.0,0.0
138,1718145907.8691642,441600,2.0,0.0,1.0,0,640.0,0.0,0.0,-0.18535350263118744,-0.08902047574520111,0.00048501096898689866,-0.09681803733110428,0.0,0.00021939375437796116,0.00038332611438818276,0.00021939375437796116,0.4223107397556305,0.35013315081596375,1.0,1.0,0.0,0.0
139,1718145923.0733905,444800,8.0,0.0625,0.84375,0,638.625,0.028867186978459358,0.053451646119356155,0.24087829887866974,0.33698326349258423,0.0007139539811760187,-0.09681890904903412,3.60839840141125e-05,0.0002479325339663774,0.0003993907885160297,0.0002479325339663774,0.4692709147930145,0.3712143003940582,1.0,1.0,0.0,0.0
140,1718145937.625521,448000,6.0,0.0,0.9375,0,640.0,0.0,0.0,-0.42516452074050903,-0.32888221740722656,0.0005338900373317301,-0.09681619703769684,0.0,0.00022203124535735697,0.00036081619327887893,0.00022203124535735697,0.42585253715515137,0.39095473289489746,1.0,1.0,0.0,0.0
141,1718145953.4612365,451200,3.0,0.0,1.46875,0,640.0,0.0,0.0,0.07119434326887131,0.16746068000793457,0.0005525595042854548,-0.09681890159845352,0.0,0.00022927368991076946,0.0003810127673204988,0.00022927368991076946,0.4402347505092621,0.373350590467453,1.0,1.0,0.0,0.0
142,1718145969.406716,454400,7.0,0.0,1.46875,0,640.0,0.0,0.0,-0.0825759619474411,0.013675777241587639,0.0005476673832163215,-0.09679940342903137,0.0,0.00026316713774576783,0.0004076051991432905,0.00026316713774576783,0.4860735237598419,0.3869296908378601,1.0,1.0,0.0,0.0
143,1718145984.175364,457600,5.0,0.0,1.3125,0,640.0,0.0,0.0,-0.3926513195037842,-0.2968529462814331,0.0009817908285185695,-0.09678015857934952,0.0,0.00022256247757468373,0.00036870254552923143,0.00022256247757468373,0.44026580452919006,0.3630813956260681,1.0,1.0,0.0,0.0
144,1718145998.7912996,460800,6.0,0.09375,1.46875,0,582.5,0.21523436903953552,0.23577743768692017,0.1919456422328949,0.28809744119644165,0.0006162605131976306,-0.09676804393529892,0.00013452148414216936,0.00024808570742607117,0.0003990519617218524,0.00024808570742607117,0.47665926814079285,0.3734656572341919,1.0,1.0,0.0,0.0
145,1718146014.7087488,464000,6.0,0.0,1.5,0,640.0,0.0,0.0,0.13321828842163086,0.22931884229183197,0.0006459009600803256,-0.09674646705389023,0.0,0.00028574312455020845,0.00043205838301219046,0.00028574312455020845,0.5130739212036133,0.3929007649421692,1.0,1.0,0.0,0.0
146,1718146029.0040667,467200,5.0,0.0625,1.25,0,531.7999877929688,0.2200000137090683,0.30124741792678833,-0.5089653134346008,-0.4129679799079895,0.0007404418429359794,-0.09673779457807541,0.00017187499906867743,0.00023506279103457928,0.00039587769424542785,0.00023506279103457928,0.45372816920280457,0.3647843599319458,1.0,1.0,0.0,0.0
147,1718146043.691704,470400,8.0,0.09375,1.03125,0,585.75,0.18269531428813934,0.2538144886493683,0.2064039409160614,0.3024967610836029,0.0006350547191686928,-0.0967278778553009,0.00014243164332583547,0.0002528224140405655,0.000405504135414958,0.0002528224140405655,0.46131056547164917,0.3817977011203766,1.0,1.0,0.0,0.0
148,1718146057.9611459,473600,6.0,0.03125,0.90625,0,640.0,0.07596354186534882,0.18607191741466522,-0.26694196462631226,-0.17086228728294373,0.0006211139261722565,-0.09670078754425049,0.0,0.00024197716265916824,0.00040028500370681286,0.00024197716265916824,0.45243117213249207,0.3732207715511322,1.0,1.0,0.0,0.0
149,1718146073.7563345,476800,3.0,0.0,1.5,0,640.0,0.0,0.0,0.18092462420463562,0.2770272493362427,0.0005917302332818508,-0.09669435024261475,0.0,0.0002720266056712717,0.00041330180829390883,0.0002720266056712717,0.49085551500320435,0.39935481548309326,1.0,1.0,0.0,0.0
150,1718146088.6826346,480000,7.0,0.0,1.09375,0,640.0,0.0,0.0,-0.23309174180030823,-0.13727881014347076,0.0008649154333397746,-0.09667783230543137,0.0,0.00027888029580935836,0.0004270657373126596,0.00027888029580935836,0.48792022466659546,0.40111902356147766,1.0,1.0,0.0,0.0
151,1718146102.8274016,483200,5.0,0.0,1.125,0,640.0,0.0,0.0,-0.34882616996765137,-0.2530059218406677,0.0008497436647303402,-0.0966699942946434,0.0,0.00025302174617536366,0.0004072323499713093,0.00025302174617536366,0.4526439309120178,0.38124561309814453,1.0,1.0,0.0,0.0
152,1718146117.8386457,486400,4.0,0.0,1.59375,0,640.0,0.0,0.0,0.32640600204467773,0.42223721742630005,0.0008174865506589413,-0.0966486930847168,0.0,0.00026708253426477313,0.0004082672530785203,0.00026708253426477313,0.48726606369018555,0.40006887912750244,1.0,1.0,0.0,0.0
153,1718146134.3410144,489600,7.0,0.09375,0.96875,0,605.2857666015625,0.12060268223285675,0.1504179686307907,-0.24258795380592346,-0.14648520946502686,0.0005444025155156851,-0.09664715081453323,8.793945016805083e-05,0.00027230606065131724,0.00040835674735717475,0.00027230606065131724,0.4972749352455139,0.3950468599796295,1.0,1.0,0.0,0.0
154,1718146148.3284173,492800,5.0,0.0,1.4375,0,640.0,0.0,0.0,0.05477801710367203,0.15069711208343506,0.0007096424815244973,-0.09662873297929764,0.0,0.00027886772295460105,0.00041388924000784755,0.00027886772295460105,0.482223778963089,0.4267253875732422,1.0,1.0,0.0,0.0
155,1718146162.5351424,496000,5.0,0.0,1.5,0,640.0,0.0,0.0,-0.36987313628196716,-0.2739662826061249,0.0006915378617122769,-0.09659839421510696,0.0,0.00024016776296775788,0.0003862246812786907,0.00024016776296775788,0.44059106707572937,0.3963214159011841,1.0,1.0,0.0,0.0
156,1718146178.0374975,499200,7.0,0.09375,1.40625,0,591.5714721679688,0.16158482432365417,0.20153167843818665,-0.19402939081192017,-0.09798964858055115,0.0005420775851234794,-0.09658180922269821,0.00011782225919887424,0.00021864284644834697,0.0003651683800853789,0.00021864284644834697,0.4248695969581604,0.3743295967578888,1.0,1.0,0.0,0.0
157,1718146194.1980836,502400,7.0,0.0625,1.28125,0,582.2857666015625,0.11736608296632767,0.20044071972370148,0.06473810225725174,0.16068755090236664,0.0006287773139774799,-0.09657823294401169,0.00012836913811042905,0.00023337236780207604,0.0003856397233903408,0.00023337236780207604,0.44871002435684204,0.36473071575164795,1.0,1.0,0.0,0.0
158,1718146207.799736,505600,10.0,0.1875,1.21875,0,582.4000244140625,0.2142656296491623,0.18555131554603577,-0.03266666829586029,0.06290511041879654,0.0009955295827239752,-0.0965673103928566,0.0002154296962544322,0.0002463578712195158,0.0003988930257037282,0.0002463578712195158,0.4622557461261749,0.3691151738166809,1.0,1.0,0.0,0.0
159,1718146221.6465666,508800,4.0,0.03125,1.25,0,640.0,0.08406250178813934,0.1681250035762787,-0.09760831296443939,-0.001756482757627964,0.0006926950882188976,-0.0965445265173912,0.0,0.0002742063079494983,0.00040672742761671543,0.0002742063079494983,0.47550439834594727,0.4167502820491791,1.0,1.0,0.0,0.0
160,1718146236.5433075,512000,4.0,0.0,1.5625,0,640.0,0.0,0.0,-0.08124393969774246,0.014748364686965942,0.0005300118937157094,-0.09652231633663177,0.0,0.00026647732011042535,0.0004164566344115883,0.00026647732011042535,0.48769935965538025,0.3884602189064026,1.0,1.0,0.0,0.0
161,1718146251.135074,515200,6.0,0.0,2.03125,0,640.0,0.0,0.0,-0.0472257025539875,0.04856008291244507,0.0007413745624944568,-0.09652715921401978,0.0,0.0002895509824156761,0.00042526217293925583,0.0002895509824156761,0.5167809724807739,0.3987826108932495,1.0,1.0,0.0,0.0
162,1718146264.9521735,518400,6.0,0.0625,1.03125,0,615.1666870117188,0.0820833370089531,0.12716294825077057,0.17642748355865479,0.2722689211368561,0.0006468065548688173,-0.09648823738098145,7.695312524447218e-05,0.0003104258212260902,0.0004420338082127273,0.0003104258212260902,0.5239253640174866,0.41622114181518555,1.0,1.0,0.0,0.0
163,1718146280.4091458,521600,6.0,0.03125,1.21875,0,640.0,0.04104166850447655,0.10053113847970963,-0.6716797947883606,-0.576021134853363,0.0008095247321762145,-0.09646818786859512,0.0,0.0002521408023312688,0.0003879348805639893,0.0002521408023312688,0.4552384912967682,0.40197280049324036,1.0,1.0,0.0,0.0
164,1718146295.2937667,524800,5.0,0.0,1.34375,0,640.0,0.0,0.0,0.1436951756477356,0.2396588921546936,0.0005184264155104756,-0.09648215025663376,0.0,0.00023096810036804527,0.00038781570037826896,0.00023096810036804527,0.43769973516464233,0.3643210530281067,1.0,1.0,0.0,0.0
165,1718146309.794749,528000,4.0,0.0,1.6875,0,640.0,0.0,0.0,0.05076241493225098,0.14639228582382202,0.0008276238804683089,-0.09645749628543854,0.0,0.0002673603594303131,0.00041231419891119003,0.0002673603594303131,0.45563793182373047,0.41980206966400146,1.0,1.0,0.0,0.0
166,1718146324.8637908,531200,8.0,0.0625,1.53125,0,633.125,0.04433593899011612,0.082094207406044,-0.5845162272453308,-0.4888598322868347,0.0007851340342313051,-0.09644152224063873,5.541992140933871e-05,0.00024040012795012444,0.0003946360375266522,0.00024040012795012444,0.44053542613983154,0.38837888836860657,1.0,1.0,0.0,0.0
167,1718146339.1081824,534400,4.0,0.0,1.875,0,640.0,0.0,0.0,0.5545522570610046,0.649926483631134,0.0010460219345986843,-0.09642023593187332,0.0,0.0002747502876445651,0.0004188364837318659,0.0002747502876445651,0.4876044690608978,0.4051523506641388,1.0,1.0,0.0,0.0
168,1718146353.246219,537600,5.0,0.0,1.78125,0,640.0,0.0,0.0,-0.7353851795196533,-0.6402838230133057,0.0012825754238292575,-0.09638389945030212,0.0,0.0002654812124092132,0.00041054366738535464,0.0002654812124092132,0.47196081280708313,0.40628063678741455,1.0,1.0,0.0,0.0
169,1718146369.2612822,540800,7.0,0.09375,1.9375,0,581.1428833007812,0.14752231538295746,0.18855997920036316,0.5006092190742493,0.5961238741874695,0.0008181672310456634,-0.0963328629732132,0.00020224608306307346,0.00026275429991073906,0.0004042408836539835,0.00026275429991073906,0.48077836632728577,0.3932707607746124,1.0,1.0,0.0,0.0
170,1718146384.1112869,544000,8.0,0.125,1.25,0,627.5,0.17726561427116394,0.19378574192523956,-0.5642041563987732,-0.4686781167984009,0.0007809500675648451,-0.09630697220563889,0.0,0.0002357996563659981,0.0003867717750836164,0.0002357996563659981,0.44314801692962646,0.37379390001296997,1.0,1.0,0.0,0.0
171,1718146398.4731555,547200,5.0,0.0,0.9375,0,640.0,0.0,0.0,0.3015124499797821,0.39693188667297363,0.0008689675596542656,-0.09628841280937195,0.0,0.0002299823536304757,0.00038709858199581504,0.0002299823536304757,0.4210032522678375,0.37446829676628113,1.0,1.0,0.0,0.0
172,1718146413.1607502,550400,5.0,0.0,0.875,0,640.0,0.0,0.0,-0.29343560338020325,-0.1980096399784088,0.0008405183907598257,-0.09626647084951401,0.0,0.0002667605585884303,0.00041643253643997014,0.0002667605585884303,0.45474210381507874,0.40139883756637573,1.0,1.0,0.0,0.0
173,1718146428.3363538,553600,5.0,0.03125,0.875,0,560.6000366210938,0.13165625929832458,0.29439231753349304,0.1820026934146881,0.27764010429382324,0.0005711815902031958,-0.0962086021900177,0.0002057128876913339,0.00029552829801104963,0.00042264096555300057,0.00029552829801104963,0.5089036226272583,0.4203570485115051,1.0,1.0,0.0,0.0
174,1718146442.6562855,556800,7.0,0.03125,0.84375,0,640.0,0.09404018521308899,0.2488069385290146,-0.6960276365280151,-0.6010094285011292,0.0011422261595726013,-0.096160389482975,0.0,0.0002553140511736274,0.0004017853643745184,0.0002553140511736274,0.46194761991500854,0.39798858761787415,1.0,1.0,0.0,0.0
175,1718146457.0155957,560000,4.0,0.0,0.84375,0,640.0,0.0,0.0,0.5408926010131836,0.6361896991729736,0.0008319691987708211,-0.09612904489040375,0.0,0.0002475155342835933,0.00038808927638456225,0.0002475155342835933,0.44518905878067017,0.4007122814655304,1.0,1.0,0.0,0.0
176,1718146470.8087711,563200,4.0,0.0,1.21875,0,640.0,0.0,0.0,-0.7765185832977295,-0.6817647814750671,0.0013819709420204163,-0.09613582491874695,0.0,0.0002575220714788884,0.0004033971927128732,0.0002575220714788884,0.47186410427093506,0.38867056369781494,1.0,1.0,0.0,0.0
177,1718146486.2517776,566400,8.0,0.0,0.9375,0,640.0,0.0,0.0,0.5776872634887695,0.6726604700088501,0.0011255234712734818,-0.09609871357679367,0.0,0.00022060639457777143,0.000374943163478747,0.00022060639457777143,0.4157382547855377,0.3742637038230896,1.0,1.0,0.0,0.0
178,1718146499.8340807,569600,2.0,0.0,1.53125,0,640.0,0.0,0.0,-0.5461828708648682,-0.45090705156326294,0.0007889001863077283,-0.09606471657752991,0.0,0.0002729857515078038,0.00040772068314254284,0.0002729857515078038,0.4760306179523468,0.410666823387146,1.0,1.0,0.0,0.0
179,1718146514.1991816,572800,6.0,0.0,1.0,0,640.0,0.0,0.0,0.09450151771306992,0.18998241424560547,0.0005816352786496282,-0.09606253355741501,0.0,0.00022153585450723767,0.00037525928928516805,0.00022153585450723767,0.41030943393707275,0.3917919099330902,1.0,1.0,0.0,0.0
180,1718146529.4991565,576000,5.0,0.0,0.96875,0,640.0,0.0,0.0,0.25825437903404236,0.3536841571331024,0.0006727593718096614,-0.09610254317522049,0.0,0.000296624144539237,0.0004256566462572664,0.000296624144539237,0.4869031310081482,0.43541690707206726,1.0,1.0,0.0,0.0
181,1718146544.723175,579200,4.0,0.0,0.625,0,640.0,0.0,0.0,-0.7858815789222717,-0.6906358599662781,0.000838779378682375,-0.09608448296785355,0.0,0.0002711174893192947,0.00040729643660597503,0.0002711174893192947,0.4729166328907013,0.41801291704177856,1.0,1.0,0.0,0.0
182,1718146560.150148,582400,6.0,0.0,1.875,0,640.0,0.0,0.0,0.9447111487388611,1.0392160415649414,0.0015718049835413694,-0.09607664495706558,0.0,0.0003059812297578901,0.0004319841682445258,0.0003059812297578901,0.5138441920280457,0.43096745014190674,1.0,1.0,0.0,0.0
183,1718146575.1011171,585600,5.0,0.0,1.1875,0,640.0,0.0,0.0,-1.3895152807235718,-1.296536922454834,0.0030838903039693832,-0.0960623025894165,0.0,0.00029011821607127786,0.00042096685501746833,0.00029011821607127786,0.503419041633606,0.41356977820396423,1.0,1.0,0.0,0.0
184,1718146590.4320204,588800,11.0,0.1875,1.9375,0,438.90911865234375,0.46261364221572876,0.4429188370704651,1.2692267894744873,1.3628220558166504,0.002405415754765272,-0.09600062668323517,0.00026503903791308403,0.00027766451239585876,0.00041833188151940703,0.00027766451239585876,0.4813466966152191,0.4072343409061432,1.0,1.0,0.0,0.0
185,1718146606.9024763,592000,6.0,0.0625,1.53125,0,618.3333740234375,0.2827083468437195,0.4379698634147644,-1.376728892326355,-1.2832293510437012,0.0025042290799319744,-0.09600372612476349,0.0,0.00027428491739556193,0.0004193968779873103,0.00027428491739556193,0.4855864644050598,0.3938314616680145,1.0,1.0,0.0,0.0
186,1718146622.1577537,595200,11.0,0.21875,1.46875,0,439.18182373046875,0.43220171332359314,0.3490909934043884,1.266149878501892,1.3602006435394287,0.001964021008461714,-0.09601474553346634,0.00037363279261626303,0.00031124689849093556,0.00044022436486557126,0.00031124689849093556,0.520728349685669,0.427747517824173,1.0,1.0,0.0,0.0
187,1718146638.151382,598400,6.0,0.09375,0.90625,0,577.0,0.3045312762260437,0.3415096700191498,-1.3421365022659302,-1.248194932937622,0.002056133933365345,-0.09599769115447998,0.0001973632606677711,0.00026897405041381717,0.0004096802440471947,0.00026897405041381717,0.47311651706695557,0.40776947140693665,1.0,1.0,0.0,0.0
188,1718146652.321558,601600,8.0,0.09375,1.0625,0,601.5,0.23683592677116394,0.326864629983902,0.6096188426017761,0.7045651078224182,0.0010444663930684328,-0.09599073976278305,0.0,0.000245466799242422,0.00038880447391420603,0.000245466799242422,0.4523690640926361,0.39278098940849304,1.0,1.0,0.0,0.0
189,1718146667.794897,604800,6.0,0.0,1.5625,0,640.0,0.0,0.0,-0.3886808454990387,-0.2933844029903412,0.0006751716136932373,-0.09597162157297134,0.0,0.0002719932817853987,0.0004001997585874051,0.0002719932817853987,0.48873594403266907,0.4104110300540924,1.0,1.0,0.0,0.0
190,1718146683.107146,608000,4.0,0.0,1.09375,0,640.0,0.0,0.0,0.0936686098575592,0.1889398694038391,0.0006613556179217994,-0.09593261778354645,0.0,0.000267072522547096,0.00040398858254775405,0.000267072522547096,0.47760817408561707,0.40180763602256775,1.0,1.0,0.0,0.0
191,1718146697.7959924,611200,6.0,0.0,0.75,0,640.0,0.0,0.0,-0.6032001376152039,-0.5084167718887329,0.0011274957796558738,-0.09591086208820343,0.0,0.00023128899920266122,0.00036925688618794084,0.00023128899920266122,0.4325942397117615,0.39145979285240173,1.0,1.0,0.0,0.0
192,1718146712.013716,614400,6.0,0.0,1.3125,0,640.0,0.0,0.0,0.8751439452171326,0.9691125750541687,0.0019184716511517763,-0.09588712453842163,0.0,0.0003064461634494364,0.0004441505006980151,0.0003064461634494364,0.5013663172721863,0.4187055230140686,1.0,1.0,0.0,0.0
193,1718146727.6310377,617600,2.0,0.0,1.21875,0,640.0,0.0,0.0,-0.8925433158874512,-0.7981483340263367,0.001418067142367363,-0.09581302106380463,0.0,0.0003187023103237152,0.0004384103522170335,0.0003187023103237152,0.514578640460968,0.4463861286640167,1.0,1.0,0.0,0.0
194,1718146743.2613053,620800,7.0,0.0,1.34375,0,640.0,0.0,0.0,0.5686782598495483,0.6636267900466919,0.0008783342782407999,-0.0958268791437149,0.0,0.0002911121991928667,0.0004134388582315296,0.0002911121991928667,0.49791860580444336,0.4281594753265381,1.0,1.0,0.0,0.0
195,1718146756.0680735,624000,4.0,0.0,1.46875,0,640.0,0.0,0.0,-0.9677836894989014,-0.8734979629516602,0.001488716690801084,-0.09577449411153793,0.0,0.0002287587121827528,0.0003835179377347231,0.0002287587121827528,0.4270421266555786,0.3721955716609955,1.0,1.0,0.0,0.0
196,1718146770.55848,627200,5.0,0.0,0.90625,0,640.0,0.0,0.0,0.5271993279457092,0.6220294237136841,0.0008880203240551054,-0.0957181453704834,0.0,0.00022417939908336848,0.00038175107329152524,0.00022417939908336848,0.4241310656070709,0.36914733052253723,1.0,1.0,0.0,0.0
197,1718146786.046064,630400,5.0,0.0,1.59375,0,640.0,0.0,0.0,-0.44109830260276794,-0.34655219316482544,0.0011527483584359288,-0.09569886326789856,0.0,0.00026932216132991016,0.00041394407162442803,0.00026932216132991016,0.49401533603668213,0.3824640214443207,1.0,1.0,0.0,0.0
198,1718146800.9959776,633600,6.0,0.0625,1.03125,0,639.8333740234375,0.0338020846247673,0.05236596241593361,0.3656351566314697,0.4604463577270508,0.0008925464935600758,-0.09570374339818954,3.1689451134298e-05,0.0002809281286317855,0.00042104479507543147,0.0002809281286317855,0.48334577679634094,0.40495070815086365,1.0,1.0,0.0,0.0
199,1718146815.076625,636800,6.0,0.0,1.3125,0,640.0,0.0,0.0,-0.5128836035728455,-0.4181501269340515,0.0009765480645000935,-0.09571004658937454,0.0,0.0003176737518515438,0.00043708871817216277,0.0003176737518515438,0.5210942625999451,0.434879869222641,1.0,1.0,0.0,0.0
200,1718146830.4875028,640000,3.0,0.0,0.9375,0,640.0,0.0,0.0,0.3419310450553894,0.43689534068107605,0.000721469521522522,-0.09568578004837036,0.0,0.0002907293674070388,0.00041632758802734315,0.0002907293674070388,0.5102062821388245,0.41273486614227295,1.0,1.0,0.0,0.0
201,1718146845.6888561,643200,6.0,0.0,1.1875,0,640.0,0.0,0.0,-0.43374010920524597,-0.3392621874809265,0.0011929485481232405,-0.09567088633775711,0.0,0.00030211397097446024,0.00042217664304189384,0.00030211397097446024,0.5115105509757996,0.4362987279891968,1.0,1.0,0.0,0.0
202,1718146859.714745,646400,8.0,0.0625,0.75,0,565.5,0.13398437201976776,0.24809084832668304,0.3737938404083252,0.4685758352279663,0.0009400103008374572,-0.09572203457355499,0.00016748046618886292,0.00031368964118883014,0.0004273521772120148,0.00031368964118883014,0.5276411175727844,0.4336305856704712,1.0,1.0,0.0,0.0
203,1718146874.7691948,649600,3.0,0.03125,1.25,0,640.0,0.17864583432674408,0.30942365527153015,-0.47826582193374634,-0.38355445861816406,0.0008794300374574959,-0.09559078514575958,0.0,0.0003165464149788022,0.0004445106314960867,0.0003165464149788022,0.5228275060653687,0.4252765476703644,1.0,1.0,0.0,0.0
204,1718146889.983281,652800,7.0,0.0625,0.75,0,569.857177734375,0.14348214864730835,0.24504241347312927,0.1106172725558281,0.2054586410522461,0.0007240145932883024,-0.09556538611650467,0.0001569335872773081,0.00028805408510379493,0.00041815327131189406,0.00028805408510379493,0.4861482083797455,0.42363303899765015,1.0,1.0,0.0,0.0
205,1718146904.4710126,656000,7.0,0.03125,1.21875,0,640.0,0.07174107432365417,0.18980903923511505,-0.49213504791259766,-0.39747288823127747,0.0008820827351883054,-0.09554423391819,0.0,0.00027468879125081003,0.00040718461968936026,0.00027468879125081003,0.49546369910240173,0.4002944827079773,1.0,1.0,0.0,0.0
206,1718146919.2901306,659200,4.0,0.0,1.625,0,640.0,0.0,0.0,0.3337741494178772,0.428758829832077,0.0005750800482928753,-0.0955597311258316,0.0,0.00026589178014546633,0.0003980952315032482,0.00026589178014546633,0.4839574694633484,0.4008145034313202,1.0,1.0,0.0,0.0
207,1718146934.6382768,662400,8.0,0.09375,1.125,0,542.25,0.2584570348262787,0.35670459270477295,-0.5596305131912231,-0.46506813168525696,0.000939738005399704,-0.0955020859837532,0.0002153808600269258,0.00027271040016785264,0.00041117757791653275,0.00027271040016785264,0.48177024722099304,0.4044078588485718,1.0,1.0,0.0,0.0
208,1718146949.4799857,665600,6.0,0.03125,1.25,0,640.0,0.11486979573965073,0.28137239813804626,0.311880886554718,0.4064405858516693,0.0008464599959552288,-0.09540614485740662,0.0,0.00025862999609671533,0.0003877643321175128,0.00025862999609671533,0.4589829444885254,0.42365318536758423,1.0,1.0,0.0,0.0
209,1718146964.6119862,668800,3.0,0.0,1.0625,0,640.0,0.0,0.0,-0.35742539167404175,-0.26318517327308655,0.0011333947768434882,-0.09537360072135925,0.0,0.0002669691457413137,0.0003974887076765299,0.0002669691457413137,0.46301329135894775,0.4094335436820984,1.0,1.0,0.0,0.0
210,1718146978.4333293,672000,6.0,0.0,0.90625,0,640.0,0.0,0.0,0.3006936013698578,0.3953673541545868,0.0007588337175548077,-0.0954325869679451,0.0,0.00028233317425474524,0.00041248826892115176,0.00028233317425474524,0.48128440976142883,0.4149981737136841,1.0,1.0,0.0,0.0
211,1718146993.163327,675200,6.0,0.0,0.71875,0,640.0,0.0,0.0,-0.6972418427467346,-0.6029390692710876,0.0010941419750452042,-0.09539692848920822,0.0,0.0002630059025250375,0.0004000123299192637,0.0002630059025250375,0.45420485734939575,0.40669843554496765,1.0,1.0,0.0,0.0
212,1718147008.8363314,678400,3.0,0.0,0.75,0,640.0,0.0,0.0,0.5711027979850769,0.665312647819519,0.0011631438974291086,-0.0953729897737503,0.0,0.0002769144484773278,0.00041097751818597317,0.0002769144484773278,0.4753684103488922,0.4114495813846588,1.0,1.0,0.0,0.0
213,1718147023.9037266,681600,5.0,0.0,0.65625,0,640.0,0.0,0.0,-1.1978398561477661,-1.10414719581604,0.0014973364304751158,-0.09519008547067642,0.0,0.00024115850101225078,0.00036961815203540027,0.00024115850101225078,0.44143760204315186,0.4116053581237793,1.0,1.0,0.0,0.0
214,1718147037.863077,684800,8.0,0.0,1.21875,0,640.0,0.0,0.0,1.889972448348999,1.9812082052230835,0.004104881547391415,-0.09534058719873428,0.0,0.00030388281447812915,0.0004285442701075226,0.00030388281447812915,0.49932876229286194,0.4376433491706848,1.0,1.0,0.0,0.0
215,1718147051.7621126,688000,3.0,0.0,0.5,0,640.0,0.0,0.0,-3.1179587841033936,-3.0319020748138428,0.009186053648591042,-0.09524274617433548,0.0,0.0002409218141110614,0.0003749225870706141,0.0002409218141110614,0.4387465715408325,0.3974016606807709,1.0,1.0,0.0,0.0
216,1718147065.3354607,691200,5.0,0.0,0.96875,0,640.0,0.0,0.0,3.5000882148742676,3.584261417388916,0.011525433510541916,-0.09569863975048065,0.0,0.0003005780163221061,0.00042260700138285756,0.0003005780163221061,0.5060192942619324,0.4295397996902466,1.0,1.0,0.0,0.0
217,1718147078.9374037,694400,5.0,0.0,0.875,0,640.0,0.0,0.0,-2.2699015140533447,-2.179385185241699,0.005487754009664059,-0.09600409120321274,0.0,0.00026685409829951823,0.00039739886415190995,0.00026685409829951823,0.477073609828949,0.41017240285873413,1.0,1.0,0.0,0.0
218,1718147094.042145,697600,4.0,0.0,1.375,0,640.0,0.0,0.0,0.5573853254318237,0.6525521278381348,0.0009098143200390041,-0.0960765853524208,0.0,0.0002579537685960531,0.0003999994951300323,0.0002579537685960531,0.4740501642227173,0.39854615926742554,1.0,1.0,0.0,0.0
219,1718147108.6293824,700800,7.0,0.0,1.03125,0,640.0,0.0,0.0,-0.1232825443148613,-0.027663374319672585,0.000454488443210721,-0.09607365727424622,0.0,0.00025368868955411017,0.00039314545574598014,0.00025368868955411017,0.4627326726913452,0.39183637499809265,1.0,1.0,0.0,0.0
220,1718147123.7983546,704000,4.0,0.0,1.59375,0,640.0,0.0,0.0,-0.20020368695259094,-0.10488066077232361,0.0006942551117390394,-0.0960172787308693,0.0,0.00025978361372835934,0.0004040273779537529,0.00025978361372835934,0.45166388154029846,0.41502562165260315,1.0,1.0,0.0,0.0
221,1718147139.1867185,707200,4.0,0.0,1.71875,0,640.0,0.0,0.0,0.26373744010925293,0.35895463824272156,0.000816847023088485,-0.09603404998779297,0.0,0.00029861784423701465,0.00041962036630138755,0.00029861784423701465,0.49587759375572205,0.44917136430740356,1.0,1.0,0.0,0.0
222,1718147153.7175813,710400,8.0,0.0625,1.25,0,620.75,0.07914062589406967,0.14653995633125305,-0.3181028664112091,-0.22278209030628204,0.0006190469721332192,-0.09593983739614487,9.892578236758709e-05,0.00028447818476706743,0.00041691315709613264,0.00028447818476706743,0.4816499948501587,0.42920833826065063,1.0,1.0,0.0,0.0
223,1718147168.5041175,713600,4.0,0.0,1.28125,0,640.0,0.0,0.0,-0.6175482273101807,-0.5225072503089905,0.000897942460142076,-0.09593889117240906,0.0,0.00020154804224148393,0.00034598042839206755,0.00020154804224148393,0.40659528970718384,0.3676195442676544,1.0,1.0,0.0,0.0
224,1718147183.41714,716800,5.0,0.0,1.34375,0,640.0,0.0,0.0,0.4190624952316284,0.5140677690505981,0.0008969719056040049,-0.09590227156877518,0.0,0.0002479870745446533,0.00039709018892608583,0.0002479870745446533,0.4741794764995575,0.37192726135253906,1.0,1.0,0.0,0.0
225,1718147198.4388988,720000,6.0,0.0,1.75,0,640.0,0.0,0.0,0.07144951820373535,0.16642563045024872,0.0008706869557499886,-0.09584680199623108,0.0,0.0003071965475101024,0.0004311265074647963,0.0003071965475101024,0.5042605400085449,0.44223758578300476,1.0,1.0,0.0,0.0
226,1718147212.336252,723200,3.0,0.0,1.15625,0,640.0,0.0,0.0,-0.5477705597877502,-0.4528390169143677,0.0008822170784696937,-0.09581374377012253,0.0,0.00023096430231817067,0.0003745916183106601,0.00023096430231817067,0.4289458990097046,0.3849422335624695,1.0,1.0,0.0,0.0
227,1718147226.1703732,726400,6.0,0.0,1.71875,0,640.0,0.0,0.0,0.15680788457393646,0.25204741954803467,0.0005529114278033376,-0.09579245746135712,0.0,0.00024539136211387813,0.0003845265309792012,0.00024539136211387813,0.4450826942920685,0.3980078101158142,1.0,1.0,0.0,0.0
228,1718147240.5603158,729600,7.0,0.09375,0.78125,0,600.5714721679688,0.1157812625169754,0.1444045901298523,-0.16440199315547943,-0.06933212280273438,0.0006698122015222907,-0.0957396849989891,8.442383114015684e-05,0.00025989930145442486,0.00039931831997819245,0.00025989930145442486,0.46324843168258667,0.40192511677742004,1.0,1.0,0.0,0.0
229,1718147256.6960118,732800,6.0,0.03125,1.40625,0,640.0,0.04502604529261589,0.11029083281755447,0.2401290237903595,0.3352873921394348,0.0005544063169509172,-0.09571278840303421,0.0,0.0003034145920537412,0.0004286061739549041,0.0003034145920537412,0.5039215683937073,0.43444061279296875,1.0,1.0,0.0,0.0
230,1718147271.2662866,736000,7.0,0.0,0.625,0,640.0,0.0,0.0,-0.8183241486549377,-0.7236298322677612,0.0009512579417787492,-0.09564554691314697,0.0,0.00020413240417838097,0.0003329978499095887,0.00020413240417838097,0.40978920459747314,0.3860922157764435,1.0,1.0,0.0,0.0
231,1718147287.0106776,739200,3.0,0.0,0.4375,0,640.0,0.0,0.0,0.2330574244260788,0.3280842900276184,0.0006227590492926538,-0.0956496149301529,0.0,0.00020935981592629105,0.00034804383176378906,0.00020935981592629105,0.4192647337913513,0.364553302526474,1.0,1.0,0.0,0.0
232,1718147302.4098873,742400,5.0,0.0,1.125,0,640.0,0.0,0.0,0.19958166778087616,0.2944599688053131,0.0007432460552081466,-0.09562154114246368,0.0,0.000276552775176242,0.00041120516834780574,0.000276552775176242,0.46761518716812134,0.4325072467327118,1.0,1.0,0.0,0.0
233,1718147318.6174362,745600,5.0,0.0,1.1875,0,640.0,0.0,0.0,-0.4116515517234802,-0.3170314431190491,0.0009713351028040051,-0.09559144824743271,0.0,0.00027639485779218376,0.0004111098824068904,0.00027639485779218376,0.46549078822135925,0.4270824193954468,1.0,1.0,0.0,0.0
234,1718147333.313316,748800,4.0,0.0,1.0625,0,640.0,0.0,0.0,0.3468513488769531,0.4418761134147644,0.0005541651044040918,-0.09557894617319107,0.0,0.00029459389043040574,0.0004138509975746274,0.00029459389043040574,0.49551719427108765,0.4474020302295685,1.0,1.0,0.0,0.0
235,1718147347.2043395,752000,7.0,0.0,1.0625,0,640.0,0.0,0.0,-0.24835947155952454,-0.15328770875930786,0.0005262286285869777,-0.095598004758358,0.0,0.00029907835414633155,0.0004243293951731175,0.00029907835414633155,0.510830819606781,0.42650678753852844,1.0,1.0,0.0,0.0
236,1718147362.0799177,755200,5.0,0.0,0.8125,0,640.0,0.0,0.0,-0.4965387284755707,-0.4017285704612732,0.0007692738436162472,-0.09557944536209106,0.0,0.00024007477622944862,0.0003682244860101491,0.00024007477622944862,0.43628984689712524,0.4054968059062958,1.0,1.0,0.0,0.0
237,1718147376.0268984,758400,8.0,0.15625,1.4375,0,580.0,0.2294921875,0.1900375783443451,0.6802748441696167,0.7747349143028259,0.0010910602286458015,-0.09555110335350037,0.0001147460934589617,0.0003124969080090523,0.0004252228536643088,0.0003124969080090523,0.5012109875679016,0.4702833592891693,1.0,1.0,0.0,0.0
238,1718147390.4655669,761600,8.0,0.0625,0.78125,0,639.5,0.02640625089406967,0.04889487475156784,-0.8412688374519348,-0.7470209002494812,0.0012528847437351942,-0.09550084173679352,3.3007814636221156e-05,0.0002686512307263911,0.00039870900218375027,0.0002686512307263911,0.46892479062080383,0.415852814912796,1.0,1.0,0.0,0.0
239,1718147405.378841,764800,3.0,0.0,1.46875,0,640.0,0.0,0.0,0.0502450168132782,0.14509180188179016,0.0006312330951914191,-0.09547801315784454,0.0,0.00022988150885794312,0.00035642756847664714,0.00022988150885794312,0.41030630469322205,0.42041751742362976,1.0,1.0,0.0,0.0
240,1718147420.360053,768000,5.0,0.0,0.8125,0,640.0,0.0,0.0,0.41907578706741333,0.5135319232940674,0.0010422321502119303,-0.09549838304519653,0.0,0.00029596415697596967,0.000423871650127694,0.00029596415697596967,0.47340360283851624,0.44342824816703796,1.0,1.0,0.0,0.0
241,1718147435.5117338,771200,6.0,0.0,0.9375,0,640.0,0.0,0.0,-0.7839040756225586,-0.6898857355117798,0.0014797031180933118,-0.09549801796674728,0.0,0.00028228326118551195,0.0003989589458797127,0.00028228326118551195,0.47068414092063904,0.4551505148410797,1.0,1.0,0.0,0.0
242,1718147450.604941,774400,3.0,0.0,1.09375,0,640.0,0.0,0.0,0.6115936040878296,0.7061504125595093,0.0009529815870337188,-0.09550976753234863,0.0,0.0003025497717317194,0.00041688280180096626,0.0003025497717317194,0.4798084497451782,0.4652513265609741,1.0,1.0,0.0,0.0
243,1718147465.1361668,777600,7.0,0.0,1.0625,0,640.0,0.0,0.0,-0.648094654083252,-0.5535235404968262,0.0007868751417845488,-0.0953579917550087,0.0,0.000283242465229705,0.0004048698756378144,0.000283242465229705,0.476355642080307,0.446449339389801,1.0,1.0,0.0,0.0
244,1718147480.5355875,780800,4.0,0.0,0.9375,0,640.0,0.0,0.0,-0.0299743190407753,0.06440291553735733,0.0009626243263483047,-0.09533985704183578,0.0,0.00022646681463811547,0.00036627482040785253,0.00022646681463811547,0.4259345233440399,0.3894636332988739,1.0,1.0,0.0,0.0
245,1718147494.7175107,784000,4.0,0.0,0.875,0,640.0,0.0,0.0,0.18185043334960938,0.2762446403503418,0.0009905393235385418,-0.09538474678993225,0.0,0.00028570290305651724,0.00042042561108246446,0.00028570290305651724,0.48741137981414795,0.4107665419578552,1.0,1.0,0.0,0.0
246,1718147510.0470266,787200,7.0,0.0,1.03125,0,640.0,0.0,0.0,-0.3163526654243469,-0.22173801064491272,0.0007613930501975119,-0.09537605941295624,0.0,0.00028134736930951476,0.0004092884773854166,0.00028134736930951476,0.47620317339897156,0.4267610013484955,1.0,1.0,0.0,0.0
247,1718147524.0001316,790400,5.0,0.0625,1.1875,0,581.4000244140625,0.20481251180171967,0.28045108914375305,-0.2156723588705063,-0.12100119888782501,0.0006818141555413604,-0.09535297751426697,0.00016000976029317826,0.0002645297790877521,0.00040037932922132313,0.0002645297790877521,0.448352575302124,0.42318427562713623,1.0,1.0,0.0,0.0
248,1718147539.980353,793600,5.0,0.0,1.25,0,640.0,0.0,0.0,0.07464762032032013,0.1692890226840973,0.0006507448852062225,-0.09529215097427368,0.0,0.0002561602450441569,0.00039460358675569296,0.0002561602450441569,0.4391494691371918,0.43179839849472046,1.0,1.0,0.0,0.0
249,1718147554.5153394,796800,6.0,0.0,0.9375,0,640.0,0.0,0.0,-0.4437267780303955,-0.34923845529556274,0.0007832215051166713,-0.09527156502008438,0.0,0.00024392129853367805,0.000385261228075251,0.00024392129853367805,0.429543673992157,0.40665754675865173,1.0,1.0,0.0,0.0
250,1718147569.517004,800000,4.0,0.0,1.34375,0,640.0,0.0,0.0,0.19630268216133118,0.29087376594543457,0.0005262197810225189,-0.09509729593992233,0.0,0.00022998347412794828,0.0003658499335870147,0.00022998347412794828,0.42844635248184204,0.39811110496520996,1.0,1.0,0.0,0.0
251,1718147583.7783284,803200,6.0,0.0,1.28125,0,640.0,0.0,0.0,0.01952385902404785,0.1138598769903183,0.0007843010243959725,-0.09512031823396683,0.0,0.00026816167519427836,0.000402601232053712,0.00026816167519427836,0.45616018772125244,0.415261834859848,1.0,1.0,0.0,0.0
252,1718147598.639409,806400,5.0,0.03125,1.28125,0,631.2000122070312,0.03237500041723251,0.07239269465208054,-0.09040416032075882,0.0038206824101507664,0.0008307937532663345,-0.09505563974380493,5.0585935241542757e-05,0.0002841354289557785,0.0004139951488468796,0.0002841354289557785,0.48142486810684204,0.41845273971557617,1.0,1.0,0.0,0.0
253,1718147613.675088,809600,4.0,0.03125,1.9375,0,640.0,0.04046874865889549,0.08093749731779099,0.020229026675224304,0.11447426676750183,0.0007756372215226293,-0.09502087533473969,0.0,0.0003146207891404629,0.0004391286929603666,0.0003146207891404629,0.5209926962852478,0.43010658025741577,1.0,1.0,0.0,0.0
254,1718147628.4588494,812800,8.0,0.03125,1.21875,0,587.25,0.08667968958616257,0.24516719579696655,-0.6766718626022339,-0.582897961139679,0.0011299657635390759,-0.09490387886762619,0.00021669921989087015,0.0002699609030969441,0.0003973135317210108,0.0002699609030969441,0.47130751609802246,0.41966310143470764,1.0,1.0,0.0,0.0
255,1718147642.9541187,816000,7.0,0.125,1.40625,0,553.5714721679688,0.31549108028411865,0.31687307357788086,0.8202366232872009,0.9137158989906311,0.0013164666015654802,-0.09479576349258423,0.00012836913811042905,0.0002888882008846849,0.0004126580897718668,0.0002888882008846849,0.475277304649353,0.44597089290618896,1.0,1.0,0.0,0.0
256,1718147657.6795123,819200,5.0,0.03125,1.4375,0,640.0,0.08215625584125519,0.18370696902275085,-0.9496020078659058,-0.8562020063400269,0.001420099288225174,-0.09482008963823318,0.0,0.00033152903779409826,0.00044461272773332894,0.00033152903779409826,0.5209657549858093,0.45289114117622375,1.0,1.0,0.0,0.0
257,1718147671.7853286,822400,8.0,0.125,1.53125,0,611.0,0.11609374731779099,0.12410943955183029,0.8238378167152405,0.9173033237457275,0.0014993618242442608,-0.09496486186981201,7.255859236465767e-05,0.00032128384918905795,0.0004382464976515621,0.00032128384918905795,0.5217399001121521,0.4444068670272827,1.0,1.0,0.0,0.0
258,1718147686.527822,825600,4.0,0.0,0.40625,0,640.0,0.0,0.0,-1.7372465133666992,-1.6450787782669067,0.0028694751672446728,-0.09503717720508575,0.0,0.00019800636800937355,0.00033169621019624174,0.00019800636800937355,0.3898852467536926,0.3726416826248169,1.0,1.0,0.0,0.0
259,1718147701.550187,828800,7.0,0.0,1.15625,0,640.0,0.0,0.0,1.6955592632293701,1.7873799800872803,0.0034529678523540497,-0.0952737107872963,0.0,0.00023700280871707946,0.00038179472903721035,0.00023700280871707946,0.43827348947525024,0.38451555371284485,1.0,1.0,0.0,0.0
260,1718147714.8903286,832000,5.0,0.0625,1.71875,0,613.2000122070312,0.08837500214576721,0.12101245671510696,-1.1237438917160034,-1.0302189588546753,0.0017923059640452266,-0.09531725198030472,6.904296606080607e-05,0.00028930651023983955,0.00041628137114457786,0.00028930651023983955,0.5042577385902405,0.412699431180954,1.0,1.0,0.0,0.0
261,1718147730.6652582,835200,6.0,0.03125,1.21875,0,640.0,0.03682291880249977,0.0901973620057106,0.6291884183883667,0.7235031723976135,0.0010370789095759392,-0.09535183012485504,0.0,0.0002982608275488019,0.00042609096271917224,0.0002982608275488019,0.5066945552825928,0.42286136746406555,1.0,1.0,0.0,0.0
262,1718147744.9138114,838400,6.0,0.0,1.5,0,640.0,0.0,0.0,-0.4660995602607727,-0.37147095799446106,0.0006700673839077353,-0.09529869258403778,0.0,0.0002849590964615345,0.0004112596216145903,0.0002849590964615345,0.5034686326980591,0.41251516342163086,1.0,1.0,0.0,0.0
263,1718147759.7720122,841600,3.0,0.0,1.5625,0,640.0,0.0,0.0,0.23187068104743958,0.3263511061668396,0.0008592373342253268,-0.09533966332674026,0.0,0.00032244905014522374,0.0004361600731499493,0.00032244905014522374,0.5277488231658936,0.4437306821346283,1.0,1.0,0.0,0.0
264,1718147775.3051884,844800,7.0,0.0,1.65625,0,640.0,0.0,0.0,-0.3170259892940521,-0.22266940772533417,0.0009196985047310591,-0.09527628123760223,0.0,0.0003309953026473522,0.0004447314131539315,0.0003309953026473522,0.5349175930023193,0.4471253752708435,1.0,1.0,0.0,0.0
265,1718147789.2591057,848000,5.0,0.0,0.96875,0,640.0,0.0,0.0,-0.2927359342575073,-0.19830197095870972,0.0008531752973794937,-0.09528715908527374,0.0,0.00025236603687517345,0.00038322628824971616,0.00025236603687517345,0.450112909078598,0.4092867970466614,1.0,1.0,0.0,0.0
266,1718147803.817749,851200,3.0,0.0,1.3125,0,640.0,0.0,0.0,0.3952556252479553,0.4896450936794281,0.0009136034059338272,-0.09530307352542877,0.0,0.0003019259311258793,0.00042788920109160244,0.0003019259311258793,0.5013810992240906,0.4253694713115692,1.0,1.0,0.0,0.0
267,1718147818.2317019,854400,7.0,0.0,1.0,0,640.0,0.0,0.0,-0.372283011674881,-0.27769380807876587,0.0007353528635576367,-0.0953245535492897,0.0,0.00031564017990604043,0.00042852002661675215,0.00031564017990604043,0.5169005990028381,0.4446428120136261,1.0,1.0,0.0,0.0
268,1718147833.8865392,857600,3.0,0.03125,1.21875,0,501.0,0.22880208492279053,0.3962968587875366,-0.17446812987327576,-0.08003241568803787,0.0008115426171571016,-0.09524725377559662,0.0002145019534509629,0.0002953797811642289,0.00041926230187527835,0.0002953797811642289,0.48628008365631104,0.4324793815612793,1.0,1.0,0.0,0.0
269,1718147848.2579808,860800,7.0,0.03125,1.40625,0,640.0,0.09805803745985031,0.2594371736049652,-0.039644841104745865,0.05507364124059677,0.0005677298759110272,-0.09528621286153793,0.0,0.0002655336866155267,0.0004071444272994995,0.0002655336866155267,0.4665796458721161,0.4041869342327118,1.0,1.0,0.0,0.0
270,1718147862.827852,864000,7.0,0.0,1.4375,0,640.0,0.0,0.0,0.22131094336509705,0.31583720445632935,0.000805365911219269,-0.09533164650201797,0.0,0.00033468910260125995,0.00043710594763979316,0.00033468910260125995,0.5378109812736511,0.4642326533794403,1.0,1.0,0.0,0.0
271,1718147876.207986,867200,4.0,0.0625,1.5625,0,460.75,0.38398438692092896,0.443386971950531,-0.5607390403747559,-0.4666758179664612,0.0011130913626402617,-0.09517630189657211,0.0002399902296019718,0.00029623566661030054,0.00040774125955067575,0.00029623566661030054,0.4863341450691223,0.4612848460674286,1.0,1.0,0.0,0.0
272,1718147892.3081853,870400,7.0,0.0625,0.71875,0,615.0,0.2194196581840515,0.3747303783893585,0.2032661736011505,0.29763874411582947,0.0008093660580925643,-0.09518194943666458,0.0,0.0002880128158722073,0.0004160382959526032,0.0002880128158722073,0.4821193516254425,0.44040679931640625,1.0,1.0,0.0,0.0
273,1718147906.675243,873600,7.0,0.0,1.125,0,640.0,0.0,0.0,-0.25899815559387207,-0.16482505202293396,0.0010569896548986435,-0.0952300950884819,0.0,0.00027824140852317214,0.0004072088049724698,0.00027824140852317214,0.45979171991348267,0.44272205233573914,1.0,1.0,0.0,0.0
274,1718147922.177403,876800,2.0,0.0,1.1875,0,640.0,0.0,0.0,-0.01658988744020462,0.07804825156927109,0.0005771813448518515,-0.0952153205871582,0.0,0.0002769599377643317,0.0004077371268067509,0.0002769599377643317,0.468676894903183,0.41930708289146423,1.0,1.0,0.0,0.0
275,1718147935.692128,880000,7.0,0.0,1.3125,0,640.0,0.0,0.0,-0.22315770387649536,-0.12870736420154572,0.0008309647091664374,-0.09528130292892456,0.0,0.00025213463231921196,0.00039290159475058317,0.00025213463231921196,0.4320361316204071,0.42591536045074463,1.0,1.0,0.0,0.0
276,1718147950.4770973,883200,2.0,0.0,1.25,0,640.0,0.0,0.0,0.19037377834320068,0.2848709225654602,0.0007587173022329807,-0.09525585919618607,0.0,0.0002972229849547148,0.00041243500891141593,0.0002972229849547148,0.48430877923965454,0.45420026779174805,1.0,1.0,0.0,0.0
277,1718147964.5904672,886400,7.0,0.0,1.625,0,640.0,0.0,0.0,-0.34062856435775757,-0.2461451292037964,0.0007155710482038558,-0.09519901126623154,0.0,0.0003124770591966808,0.0004237556713633239,0.0003124770591966808,0.4948870837688446,0.47319296002388,1.0,1.0,0.0,0.0
278,1718147978.695232,889600,6.0,0.0,1.0,0,640.0,0.0,0.0,-0.08827243000268936,0.00628161896020174,0.0006532699335366488,-0.0952073186635971,0.0,0.00027556961867958307,0.00040460130549035966,0.00027556961867958307,0.4621467590332031,0.4402804970741272,1.0,1.0,0.0,0.0
279,1718147993.6323018,892800,4.0,0.0,1.125,0,640.0,0.0,0.0,-0.01001305878162384,0.08437763154506683,0.000708602019585669,-0.09509929269552231,0.0,0.00028904268401674926,0.0004128537839278579,0.00028904268401674926,0.4787159264087677,0.4426206946372986,1.0,1.0,0.0,0.0
280,1718148009.3347754,896000,6.0,0.03125,1.3125,0,568.1666870117188,0.11768229305744171,0.2882615625858307,-0.16396336257457733,-0.07002607733011246,0.0010205699363723397,-0.0949578583240509,0.00022065428493078798,0.00029446976259350777,0.0004176679067313671,0.00029446976259350777,0.489539235830307,0.4423791468143463,1.0,1.0,0.0,0.0
281,1718148024.2172067,899200,7.0,0.03125,0.78125,0,600.2857666015625,0.1008705347776413,0.2668783664703369,-0.19751064479351044,-0.10334492474794388,0.0007399829337373376,-0.09490570425987244,0.0,0.0002548063057474792,0.0003851650399155915,0.0002548063057474792,0.43354764580726624,0.43597865104675293,1.0,1.0,0.0,0.0
282,1718148039.2358775,902400,3.0,0.03125,1.0625,0,640.0,0.23536458611488342,0.40766340494155884,0.020894646644592285,0.11519548296928406,0.0006552744889631867,-0.09495610743761063,0.0,0.0002464971039444208,0.0003903597826138139,0.0002464971039444208,0.4418809115886688,0.40748465061187744,1.0,1.0,0.0,0.0
283,1718148054.078309,905600,6.0,0.0,1.28125,0,640.0,0.0,0.0,-0.1360647976398468,-0.0419498011469841,0.0007745404145680368,-0.09488954395055771,0.0,0.00026219544815830886,0.00040570934652350843,0.00026219544815830886,0.4459195137023926,0.4092617332935333,1.0,1.0,0.0,0.0
284,1718148068.819844,908800,5.0,0.0,1.25,0,640.0,0.0,0.0,0.16120034456253052,0.255318284034729,0.0007742213783785701,-0.09489217400550842,0.0,0.0002993976522702724,0.0004178443632554263,0.0002993976522702724,0.5000641345977783,0.4380602538585663,1.0,1.0,0.0,0.0
285,1718148083.65898,912000,4.0,0.0,1.25,0,640.0,0.0,0.0,-0.2728392779827118,-0.17853663861751556,0.0005698208697140217,-0.09487246721982956,0.0,0.00029138269019313157,0.0004096444172319025,0.00029138269019313157,0.4890686571598053,0.43920761346817017,1.0,1.0,0.0,0.0
286,1718148098.499345,915200,7.0,0.0,1.3125,0,640.0,0.0,0.0,0.15124285221099854,0.2453281581401825,0.0007934083696454763,-0.09487871080636978,0.0,0.000318086298648268,0.00043208705028519034,0.000318086298648268,0.4985226094722748,0.46387603878974915,1.0,1.0,0.0,0.0
287,1718148112.6062806,918400,5.0,0.0625,1.3125,0,638.2000122070312,0.04506250098347664,0.061704371124506,-0.63084477186203,-0.537228524684906,0.0011440519010648131,-0.09476031363010406,3.52050774381496e-05,0.00029215950053185225,0.00041413470171391964,0.00029215950053185225,0.47237738966941833,0.458974689245224,1.0,1.0,0.0,0.0
288,1718148127.7740262,921600,5.0,0.0,1.25,0,640.0,0.0,0.0,0.7040885090827942,0.7976346015930176,0.0013077710755169392,-0.09485390037298203,0.0,0.00030920622521080077,0.0004377282748464495,0.00030920622521080077,0.4960242211818695,0.44268926978111267,1.0,1.0,0.0,0.0
289,1718148143.3019133,924800,7.0,0.0,0.84375,0,640.0,0.0,0.0,-1.1243187189102173,-1.0311009883880615,0.0016754840034991503,-0.09489325433969498,0.0,0.000277732964605093,0.0004074742610100657,0.000277732964605093,0.4793339669704437,0.4233466684818268,1.0,1.0,0.0,0.0
290,1718148157.641391,928000,1.0,0.0,1.25,0,640.0,0.0,nan,0.881317138671875,0.9748538732528687,0.0015312120085582137,-0.09506793320178986,0.0,0.00025110869319178164,0.00038349846727214754,0.00025110869319178164,0.443847119808197,0.4075542986392975,1.0,1.0,0.0,0.0
291,1718148172.1575232,931200,7.0,0.0,1.21875,0,640.0,0.0,0.0,-0.795186460018158,-0.7014021277427673,0.0013843156630173326,-0.09516865760087967,0.0,0.00027810968458652496,0.00040334468940272927,0.00027810968458652496,0.4622647762298584,0.43898504972457886,1.0,1.0,0.0,0.0
292,1718148187.4374838,934400,6.0,0.0,1.0,0,640.0,0.0,0.0,0.20626488327980042,0.30072206258773804,0.0006953207775950432,-0.09515249729156494,0.0,0.00025083476793952286,0.00037280662218108773,0.00025083476793952286,0.44506946206092834,0.4314025640487671,1.0,1.0,0.0,0.0
293,1718148202.3444283,937600,4.0,0.03125,1.25,0,555.75,0.14347656071186066,0.2869531214237213,-0.06285707652568817,0.03177713230252266,0.00046345641021616757,-0.09509766846895218,0.00017934569041244686,0.00029136615921743214,0.00041271891677752137,0.00029136615921743214,0.4981614649295807,0.43032869696617126,1.0,1.0,0.0,0.0
294,1718148216.8035252,940800,7.0,0.03125,1.25,0,640.0,0.08198660612106323,0.21691617369651794,-0.2046334594488144,-0.1101612076163292,0.0006252347957342863,-0.09509748965501785,0.0,0.0002811976592056453,0.0004040307831019163,0.0002811976592056453,0.47965574264526367,0.42388227581977844,1.0,1.0,0.0,0.0
295,1718148231.029613,944000,4.0,0.0,1.28125,0,640.0,0.0,0.0,0.06709522008895874,0.16150110960006714,0.000673306523822248,-0.0950791984796524,0.0,0.0002913526550401002,0.0004113804316148162,0.0002913526550401002,0.4836408197879791,0.4502109885215759,1.0,1.0,0.0,0.0
296,1718148245.333621,947200,5.0,0.0,1.40625,0,640.0,0.0,0.0,-0.39978569746017456,-0.30584514141082764,0.001051011262461543,-0.09499156475067139,0.0,0.0002843319671228528,0.0004169978201389313,0.0002843319671228528,0.4759632349014282,0.42568984627723694,1.0,1.0,0.0,0.0
297,1718148259.3992715,950400,7.0,0.0,0.8125,0,640.0,0.0,0.0,0.15882974863052368,0.2531510591506958,0.0007399400928989053,-0.09506123512983322,0.0,0.00026233933749608696,0.00038848273106850684,0.00026233933749608696,0.4500811696052551,0.4351641833782196,1.0,1.0,0.0,0.0
298,1718148274.8042061,953600,2.0,0.0,1.3125,0,640.0,0.0,0.0,-0.33569642901420593,-0.2416284680366516,0.0009073599940165877,-0.0949753150343895,0.0,0.0002417275682091713,0.0003759312676265836,0.0002417275682091713,0.4346226155757904,0.4048409163951874,1.0,1.0,0.0,0.0
299,1718148289.1528127,956800,6.0,0.0,1.40625,0,640.0,0.0,0.0,0.3630106449127197,0.4570440649986267,0.000762373034376651,-0.09479580819606781,0.0,0.00028861145256087184,0.0004202447598800063,0.00028861145256087184,0.4811989963054657,0.4313931167125702,1.0,1.0,0.0,0.0
300,1718148304.118381,960000,6.0,0.0,0.96875,0,640.0,0.0,0.0,-0.5699830651283264,-0.4762372076511383,0.00103690754622221,-0.094782754778862,0.0,0.000313746917527169,0.000424415513407439,0.000313746917527169,0.49391087889671326,0.47552573680877686,1.0,1.0,0.0,0.0
301,1718148318.665525,963200,4.0,0.03125,1.09375,0,510.0,0.20781250298023224,0.4156250059604645,0.6879536509513855,0.7815941572189331,0.0010249180486425757,-0.09466543048620224,0.0002597656275611371,0.00032654590904712677,0.0004340893356129527,0.00032654590904712677,0.516177237033844,0.46445754170417786,1.0,1.0,0.0,0.0
302,1718148333.1293046,966400,6.0,0.03125,1.25,0,640.0,0.13854166865348816,0.339356392621994,-1.1133865118026733,-1.0210355520248413,0.0022336060646921396,-0.09458453953266144,0.0,0.0003432967932894826,0.000451037340098992,0.0003432967932894826,0.5294255018234253,0.4640762209892273,1.0,1.0,0.0,0.0
303,1718148347.8285897,969600,7.0,0.0,0.96875,0,640.0,0.0,0.0,1.0102862119674683,1.1031761169433594,0.0017226034542545676,-0.0946124941110611,0.0,0.0003168917610310018,0.0004314922261983156,0.0003168917610310018,0.5099037289619446,0.4463096857070923,1.0,1.0,0.0,0.0
304,1718148362.6059172,972800,3.0,0.0,1.1875,0,640.0,0.0,0.0,-1.5955089330673218,-1.5038913488388062,0.002935779746621847,-0.0945534035563469,0.0,0.00029015346080996096,0.00040915864519774914,0.00029015346080996096,0.471503347158432,0.457145631313324,1.0,1.0,0.0,0.0
305,1718148378.6261818,976000,5.0,0.0,0.71875,0,640.0,0.0,0.0,1.5879085063934326,1.6794716119766235,0.0030742818489670753,-0.09463738650083542,0.0,0.0002722451463341713,0.00039796068449504673,0.0002722451463341713,0.45709967613220215,0.44534605741500854,1.0,1.0,0.0,0.0
306,1718148393.3071296,979200,5.0,0.0,1.09375,0,640.0,0.0,0.0,-1.9630941152572632,-1.8730496168136597,0.004698331467807293,-0.0947427898645401,0.0,0.00027257739566266537,0.0003884132020175457,0.00027257739566266537,0.4542958438396454,0.44836392998695374,1.0,1.0,0.0,0.0
307,1718148408.9780962,982400,4.0,0.0,0.90625,0,640.0,0.0,0.0,1.9296505451202393,2.01997709274292,0.004268721677362919,-0.09459520131349564,0.0,0.0002886394504457712,0.00041222418076358736,0.0002886394504457712,0.487498015165329,0.4336472749710083,1.0,1.0,0.0,0.0
308,1718148422.9037557,985600,6.0,0.0,1.0625,0,640.0,0.0,0.0,-1.8147354125976562,-1.7232286930084229,0.0034107277169823647,-0.09491745382547379,0.0,0.0003103484050370753,0.00042821807437576354,0.0003103484050370753,0.4939644932746887,0.453722208738327,1.0,1.0,0.0,0.0
309,1718148437.9932282,988800,6.0,0.0,1.625,0,640.0,0.0,0.0,1.0034419298171997,1.0969501733779907,0.0016747371992096305,-0.09518305212259293,0.0,0.0002775270550046116,0.00040769600309431553,0.0002775270550046116,0.482169508934021,0.41984760761260986,1.0,1.0,0.0,0.0
310,1718148452.9509702,992000,3.0,0.0,1.21875,0,640.0,0.0,0.0,-0.7326879501342773,-0.6385684609413147,0.001095629995688796,-0.09521514177322388,0.0,0.00026395716122351587,0.00039736140752211213,0.00026395716122351587,0.45888540148735046,0.4206908345222473,1.0,1.0,0.0,0.0
311,1718148467.0333421,995200,7.0,0.0,1.34375,0,640.0,0.0,0.0,0.28518643975257874,0.379425585269928,0.0008579236455261707,-0.09509706497192383,0.0,0.0002687614760361612,0.00040618798811919987,0.0002687614760361612,0.4664476811885834,0.4080970287322998,1.0,1.0,0.0,0.0
312,1718148481.5448654,998400,5.0,0.0,1.96875,0,640.0,0.0,0.0,-0.45551490783691406,-0.36120694875717163,0.0008171721710823476,-0.09512515366077423,0.0,0.0002698622120078653,0.0003998200409114361,0.0002698622120078653,0.4701187014579773,0.41585519909858704,1.0,1.0,0.0,0.0
313,1718148497.1744943,1001600,4.0,0.0,1.0,0,640.0,0.0,0.0,0.4028785824775696,0.497053325176239,0.0009120985632762313,-0.09508684277534485,0.0,0.00030972473905421793,0.00042571418453007936,0.00030972473905421793,0.5023650527000427,0.4409027695655823,1.0,1.0,0.0,0.0
314,1718148511.6793993,1004800,6.0,0.0,1.3125,0,640.0,0.0,0.0,-0.8140174150466919,-0.7200903296470642,0.0010761481244117022,-0.09500325471162796,0.0,0.0002619919541757554,0.00039201846811920404,0.0002619919541757554,0.46711233258247375,0.41265708208084106,1.0,1.0,0.0,0.0
315,1718148524.7905636,1008000,2.0,0.0,0.875,0,640.0,0.0,0.0,0.6797869801521301,0.7735528945922852,0.0012719896622002125,-0.09503785520792007,0.0,0.0002820916415657848,0.00039914564695209265,0.0002820916415657848,0.4749010503292084,0.438125342130661,1.0,1.0,0.0,0.0
